stock1,stock2,action1,action2,action3,action4,action5,action6,action7,action8,action9,action10,action11,action12,action13,action14,action15,action16,action17,action18,action19,action20,action21,action22,action23,action24,action25
1102,2317,0.26900000000001967,0.26900000000001967,0.26900000000001967,0.26900000000001967,0.26900000000001967,0.26900000000001967,0.26900000000001967,0.26900000000001967,0.26900000000001967,0.26900000000001967,0.26900000000001967,0.26900000000001967,0.26900000000001967,0.26900000000001967,0.26900000000001967,0.26900000000001967,0.26900000000001967,0.26900000000001967,0.26900000000001967,0.26900000000001967,0.26900000000001967,0.26900000000001967,0.26900000000001967,0,0
1102,2357,0.38757500000001244,0.38757500000001244,0.38757500000001244,0.38757500000001244,0.38757500000001244,0.38757500000001244,0.38757500000001244,0.38757500000001244,0.38757500000001244,0.38757500000001244,0.38757500000001244,0.38757500000001244,0.38757500000001244,0.38757500000001244,0.38757500000001244,0.6857000000000397,0.6857000000000397,0.6857000000000397,0.6857000000000397,0.6857000000000397,0.6857000000000397,0.6857000000000397,0.6857000000000397,0,0
1102,6505,0.6223750000000052,0.6223750000000052,0.6223750000000052,0.6223750000000052,0.6223750000000052,0.6223750000000052,0.6223750000000052,0.6223750000000052,0.6223750000000052,0.6223750000000052,0.6223750000000052,0.6223750000000052,0.6223750000000052,0.8727500000000248,0.8727500000000248,1.1205000000000211,1.1205000000000211,1.1205000000000211,1.1205000000000211,1.1205000000000211,1.1205000000000211,1.1205000000000211,1.1205000000000211,0,0
1402,2618,0.01885000000000403,0.01885000000000403,0.01885000000000403,0.01885000000000403,0.01885000000000403,0.01885000000000403,0.01885000000000403,0.01885000000000403,0.01885000000000403,0.01885000000000403,0.06892500000000368,0.06892500000000368,0.06892500000000368,0.06892500000000368,0.06892500000000368,-0.03114999999999668,-0.03114999999999668,-0.03114999999999668,-0.03114999999999668,-0.03114999999999668,-0.03114999999999668,-0.03114999999999668,-0.03114999999999668,0,0
1402,2884,0.07525000000000048,0.07525000000000048,0.07532500000000297,0.07532500000000297,0.07532500000000297,0.07532500000000297,0.07532500000000297,0,0,0,0,0,0,0,0,0,0,0,0,0,0,0,0,0,0
1402,6505,0.40500000000001535,0.40500000000001535,0.4053750000000207,0.4053750000000207,0.4053750000000207,0.4053750000000207,0.4053750000000207,0.4053750000000207,0.4053750000000207,0.4053750000000207,0.4053750000000207,0,0,0,0,0,0,0,0,0,0,0,0,0,0
1314,1326,0.12477500000001385,0.12477500000001385,0.12477500000001385,0.12477500000001385,0.12477500000001385,0.12477500000001385,0.12477500000001385,0.12477500000001385,0.12477500000001385,0.3251500000000149,0.3251500000000149,0.3251500000000149,0.37545000000000783,0.37545000000000783,0.37545000000000783,0.37545000000000783,0.37545000000000783,0.37545000000000783,0.37545000000000783,0.37545000000000783,0.37545000000000783,0.37545000000000783,0.37545000000000783,0,0
1314,2002,0.1275250000000021,0.1275250000000021,0.1275250000000021,0.1275250000000021,0.1275250000000021,-0.42127499999999074,-0.42127499999999074,-0.42127499999999074,-0.42127499999999074,-0.37134999999999607,-0.37134999999999607,-0.17127499999999074,-0.17127499999999074,-0.17127499999999074,-0.17127499999999074,-0.17127499999999074,-0.17127499999999074,-0.17127499999999074,-0.17127499999999074,-0.17127499999999074,-0.17127499999999074,-0.17127499999999074,-0.17127499999999074,0,0
1314,2105,0.07202500000000356,0.07202500000000356,0.07202500000000356,0.07202500000000356,0.07202500000000356,0.07202500000000356,0.1718750000000071,0.1718750000000071,0.1718750000000071,0.1718750000000071,0.1718750000000071,0.1718750000000071,0.17225000000000534,0.3222500000000039,0.3222500000000039,0.3222500000000039,0.3222500000000039,0.3222500000000039,0.3222500000000039,0.3222500000000039,0.3222500000000039,0.3222500000000039,0.3222500000000039,0.3231500000000054,0.3231500000000054
1314,2313,0.18195000000000405,0.18270000000000053,0.18270000000000053,0.18270000000000053,0.18270000000000053,0.18270000000000053,0.18270000000000053,0.2326250000000023,0.2326250000000023,0.4826250000000023,0.4826250000000023,0.4826250000000023,0.4826250000000023,0.4826250000000023,0.4826250000000023,0.4826250000000023,0.4826250000000023,0.4826250000000023,0.4826250000000023,0.4826250000000023,0.4826250000000023,0.4826250000000023,0.4826250000000023,0,0
1314,2317,-0.9788999999999959,-0.9788999999999959,-0.9788999999999959,-0.9788999999999959,-0.9788999999999959,-0.9788999999999959,-0.9788999999999959,-0.9788999999999959,-0.9788999999999959,-0.9788999999999959,-0.9788999999999959,-0.9788999999999959,-0.9788999999999959,-0.9788999999999959,-0.7791999999999888,-0.7791999999999888,-0.7288999999999959,-0.7288999999999959,-0.7288999999999959,-0.7288999999999959,-0.7288999999999959,-0.7288999999999959,-0.7288999999999959,0.1705000000000183,0.1705000000000183
1314,2353,0.21792500000000103,0.21792500000000103,0.21792500000000103,0.21792500000000103,0.21792500000000103,0.21792500000000103,0.21792500000000103,0.21792500000000103,-0.4809499999999787,-0.4809499999999787,-0.4809499999999787,-0.28094999999998294,-0.28094999999998294,-0.28094999999998294,-0.28094999999998294,-0.28094999999998294,-0.28094999999998294,-0.28094999999998294,-0.28094999999998294,-0.28094999999998294,-0.28094999999998294,-0.28094999999998294,-0.28094999999998294,0,0
1314,2357,-1.2667499999999734,-1.2667499999999734,-1.2667499999999734,-1.2667499999999734,-1.2667499999999734,-1.2667499999999734,-1.2667499999999734,-1.2667499999999734,-1.2667499999999734,-1.2667499999999734,-1.2667499999999734,-1.2667499999999734,-1.2667499999999734,-1.2667499999999734,-1.0167499999999734,-1.0167499999999734,-1.0167499999999734,-1.0167499999999734,-1.0167499999999734,-1.0167499999999734,-1.0167499999999734,-1.0167499999999734,-1.0167499999999734,0,0
1314,2498,0.1565750000000179,0.1565750000000179,0.5572500000000034,0.5572500000000034,0.5572500000000034,0.5572500000000034,0.5572500000000034,0.5572500000000034,0.5572500000000034,0.6570999999999927,0.6570999999999927,0.8072500000000034,0.8072500000000034,0.8072500000000034,0.8072500000000034,0.8072500000000034,0.8072500000000034,0.8072500000000034,0.8072500000000034,0.8072500000000034,0.8072500000000034,0.8072500000000034,0.8072500000000034,0,0
1314,2610,-0.2564999999999884,-0.2564999999999884,-0.2564999999999884,-0.2564999999999884,-0.2564999999999884,-0.2564999999999884,-0.2564999999999884,-0.2564999999999884,-0.21655999999997988,-0.21655999999997988,-0.21655999999997988,-0.10649999999999693,-0.10649999999999693,-0.10649999999999693,-0.10649999999999693,-0.10649999999999693,-0.10649999999999693,-0.10649999999999693,-0.10649999999999693,-0.10649999999999693,-0.10649999999999693,-0.10649999999999693,-0.10649999999999693,0,0
1314,2881,-0.2561499999999981,-0.2561499999999981,-0.2561499999999981,-0.2561499999999981,-0.05614999999999526,-0.05614999999999526,-0.05614999999999526,-0.05614999999999526,-0.05614999999999526,-0.05614999999999526,-0.05614999999999526,-0.05614999999999526,-0.05614999999999526,-0.05614999999999526,-0.05614999999999526,0.14385000000000758,0.14385000000000758,0.14385000000000758,0.14385000000000758,0.14385000000000758,0.14385000000000758,0.14385000000000758,0.14385000000000758,0,0
1314,2883,0.03825000000001211,0.03825000000001211,0.03825000000001211,0.03825000000001211,0.03825000000001211,0.03825000000001211,0.03825000000001211,0.03825000000001211,0.03825000000001211,-0.4610749999999797,-0.4610749999999797,-0.4610749999999797,-0.4111499999999779,-0.4111499999999779,-0.4111499999999779,-0.36122499999998325,-0.36122499999998325,-0.36122499999998325,-0.36122499999998325,-0.36122499999998325,-0.36122499999998325,-0.36122499999998325,-0.36122499999998325,0.08877500000000538,0.08877500000000538
1314,2885,0.2880750000000063,0.2880750000000063,0.2880750000000063,0.2880750000000063,0.2880750000000063,0.2880750000000063,0.2880750000000063,0.2880750000000063,0.2880750000000063,0.2880750000000063,0.2880750000000063,-0.4107999999999947,-0.4107999999999947,-0.4107999999999947,-0.3604999999999947,-0.16079999999999472,-0.16079999999999472,-0.16079999999999472,-0.16079999999999472,-0.16079999999999472,-0.16079999999999472,-0.16079999999999472,-0.16079999999999472,0,0
1314,2888,0.03810000000000713,0.03810000000000713,0.03810000000000713,0.03810000000000713,0.03810000000000713,0.03810000000000713,0.18847500000000394,0.18847500000000394,0.18847500000000394,0.18847500000000394,0.18847500000000394,-0.16114999999999213,-0.16114999999999213,-0.16114999999999213,0.03877500000000822,0.03877500000000822,0.03877500000000822,0.03877500000000822,0.03877500000000822,0.03877500000000822,0.03877500000000822,0.03877500000000822,0.03877500000000822,0,0
1314,2891,-0.6405499999999975,-0.6405499999999975,-0.6405499999999975,-0.6405499999999975,-0.6405499999999975,-0.6405499999999975,-0.6405499999999975,-0.6405499999999975,-0.6405499999999975,-0.3905499999999975,-0.3905499999999975,-0.3905499999999975,-0.3905499999999975,-0.3905499999999975,-0.3905499999999975,-0.3905499999999975,-0.3905499999999975,-0.3905499999999975,-0.3905499999999975,-0.3905499999999975,-0.3905499999999975,-0.3905499999999975,-0.3905499999999975,0.3594500000000025,0.3594500000000025
1314,2912,-0.7224999999999966,-0.7224999999999966,-0.7224999999999966,-0.7224999999999966,-0.7224999999999966,-0.7224999999999966,-0.7224999999999966,-0.7224999999999966,-0.7224999999999966,-0.7224999999999966,-0.7224999999999966,-0.7224999999999966,-0.7224999999999966,-0.7224999999999966,-0.9717499999999575,-0.9717499999999575,-0.9717499999999575,-0.9717499999999575,-0.9717499999999575,-0.9717499999999575,-0.9717499999999575,-0.9717499999999575,-0.9717499999999575,0,0
1314,3019,0.08582500000000692,0.08695000000000164,0.08695000000000164,0.08695000000000164,0.08695000000000164,0.08695000000000164,0.08695000000000164,0.2867999999999995,0.2867999999999995,0.38665000000000305,0.38665000000000305,0.037549999999995975,0.037549999999995975,0.037549999999995975,0.037549999999995975,0.037549999999995975,0.037549999999995975,-0.5619999999999905,-0.5619999999999905,-0.5619999999999905,-0.5619999999999905,-0.5619999999999905,-0.46214999999999407,0,0
1314,3231,0.12302500000000194,0.12302500000000194,-0.4756999999999927,-0.4756999999999927,-0.4756999999999927,-0.4756999999999927,-0.4756999999999927,-0.4756999999999927,-0.4756999999999927,-0.4756999999999927,-0.4756999999999927,-0.27562499999999446,-0.27562499999999446,-0.27562499999999446,-0.27562499999999446,-0.27562499999999446,-0.27562499999999446,-0.27562499999999446,-0.27562499999999446,-0.27562499999999446,-0.27562499999999446,-0.27562499999999446,-0.27562499999999446,0,0
1314,4938,-0.06562499999998295,-0.06562499999998295,-0.06562499999998295,-0.06562499999998295,-0.06562499999998295,-0.06562499999998295,0.03437500000001137,0.1355000000000075,0.1355000000000075,0.1355000000000075,0.1355000000000075,0.23534999999999684,0.28565000000000396,0.28565000000000396,0.28565000000000396,0.28565000000000396,0.28565000000000396,0.28565000000000396,0.28565000000000396,0.28565000000000396,0.28565000000000396,0.28565000000000396,0.28565000000000396,0,0
1314,6285,0.040675000000007344,0.040675000000007344,-0.258049999999983,-0.258049999999983,-0.258049999999983,-0.258049999999983,-0.258049999999983,-0.258049999999983,-0.258049999999983,-0.258049999999983,-0.258049999999983,-0.258049999999983,-0.008049999999983015,-0.008049999999983015,-0.008049999999983015,-0.008049999999983015,-0.008049999999983015,-0.008049999999983015,-0.008049999999983015,-0.008049999999983015,-0.008049999999983015,-0.008049999999983015,-0.008049999999983015,0,0
1314,6505,0.5043750000000102,0.5043750000000102,0.5043750000000102,0.5043750000000102,0.5043750000000102,0.5043750000000102,0.5043750000000102,0.5043750000000102,0.5043750000000102,0.5043750000000102,0.5043750000000102,-1.4937499999999915,-1.4937499999999915,-1.4937499999999915,-0.994499999999988,-0.994499999999988,-0.994499999999988,-0.994499999999988,-0.994499999999988,-0.994499999999988,-0.994499999999988,-0.994499999999988,-0.994499999999988,-0.24449999999998795,-0.24449999999998795
1227,1326,-1.5353499999999656,-1.13534999999996,-1.13534999999996,-1.13534999999996,-1.13534999999996,-1.13534999999996,-1.13534999999996,-1.13534999999996,-1.13534999999996,-1.13534999999996,-1.13534999999996,-1.13534999999996,-1.13534999999996,-0.8360999999999592,-0.8360999999999592,-0.8360999999999592,-0.8360999999999592,-0.8360999999999592,-0.8360999999999592,-0.8360999999999592,-0.8360999999999592,-0.8360999999999592,-0.8360999999999592,0,0
1227,2002,-0.0021499999999861075,-0.0021499999999861075,-0.0021499999999861075,-0.0021499999999861075,-0.0021499999999861075,-0.0021499999999861075,0.19785000000001673,0.19785000000001673,0.19785000000001673,0.19785000000001673,0.19785000000001673,0.19785000000001673,0.4971000000000316,0.4971000000000316,0.4971000000000316,0.4971000000000316,0.4971000000000316,0.4971000000000316,0.4971000000000316,0.4971000000000316,0.4971000000000316,0.9963499999999925,0.9963499999999925,0,0
1227,2317,0.020850000000166347,0.020850000000166347,0.020850000000166347,0.020850000000166347,0.020850000000166347,0.020850000000166347,0.020850000000166347,0.020850000000166347,0.020850000000166347,0.12025000000011232,0.12025000000011232,-0.1804999999998813,-0.1804999999998813,-0.1804999999998813,-0.1804999999998813,-0.1804999999998813,-0.1804999999998813,-0.1804999999998813,-0.1804999999998813,-0.1804999999998813,-0.1804999999998813,-0.1804999999998813,-0.1804999999998813,0,0
1227,2353,0.03377500000000566,0.03377500000000566,0.03377500000000566,0.03377500000000566,0.03377500000000566,0.03377500000000566,0.03377500000000566,0.03377500000000566,0.03377500000000566,0.03377500000000566,0.03377500000000566,0,0,0,0,0,0,0,0,0,0,0,0,0,0
1227,2357,0.010000000000047748,0.010000000000047748,0.010000000000047748,0.010000000000047748,0.010000000000047748,0.010000000000047748,0.010000000000047748,0.010000000000047748,0.010000000000047748,0.5077500000000441,0.5077500000000441,0.5077500000000441,0.5077500000000441,0.5077500000000441,0.008500000000083219,0,0,0,0,0,0,0,0,0,0
1227,2395,0.08650000000002933,0.08650000000002933,0.08650000000002933,0.08650000000002933,0.08650000000002933,0.08650000000002933,-1.914249999999953,-1.914249999999953,-1.914249999999953,-1.914249999999953,-1.414999999999992,-1.414999999999992,-1.414999999999992,-1.414999999999992,-1.414999999999992,-1.414999999999992,-1.414999999999992,-1.414999999999992,-1.414999999999992,-1.414999999999992,-1.414999999999992,-0.9157499999999459,-0.9157499999999459,0,0
1227,2408,0.03332499999998362,0.03332499999998362,0.03332499999998362,0.03332499999998362,0.03332499999998362,0.03332499999998362,0.333024999999985,0.333024999999985,0.333024999999985,0.333024999999985,0.333024999999985,0.6824250000000021,0.6824250000000021,0.6824250000000021,0.6824250000000021,0.6824250000000021,0.6824250000000021,0.7824250000000035,0.7824250000000035,0.7824250000000035,0.7824250000000035,0.7824250000000035,0.7824250000000035,0,0
1227,2492,-1.324249999999978,-1.2242499999999765,-1.2242499999999765,-1.2242499999999765,-1.2242499999999765,-1.2242499999999765,-1.0242499999999808,-1.0242499999999808,-1.0242499999999808,-1.0242499999999808,-1.0242499999999808,-0.9242499999999794,-0.724849999999968,-0.724849999999968,-0.724849999999968,-0.5248499999999652,-0.5248499999999652,-0.5248499999999652,-0.5248499999999652,-0.5248499999999652,-0.5248499999999652,-0.5248499999999652,-0.5248499999999652,0,0
1227,2615,-1.2196249999999793,-1.2196249999999793,-1.2196249999999793,-1.2196249999999793,-1.2196249999999793,-1.2196249999999793,-1.2196249999999793,-1.2196249999999793,-1.2196249999999793,-1.2196249999999793,-1.2196249999999793,-0.9696249999999793,-0.9696249999999793,-0.9696249999999793,-0.9696249999999793,-0.7196249999999793,-0.7196249999999793,-0.7196249999999793,-0.7196249999999793,-0.7196249999999793,-0.7196249999999793,-0.7196249999999793,-0.7196249999999793,0,0
1227,2881,-0.032024999999997306,-0.032024999999997306,-0.032024999999997306,-0.032024999999997306,-0.032024999999997306,-0.032024999999997306,-0.3323249999999831,-0.3323249999999831,-0.3323249999999831,-0.3323249999999831,-0.3323249999999831,-0.28239999999998844,-0.28239999999998844,-0.23247499999999377,-0.23247499999999377,-0.23247499999999377,-0.13262499999999022,-0.13262499999999022,-0.13262499999999022,-0.13262499999999022,-0.13262499999999022,-0.13262499999999022,-0.13262499999999022,0,0
1227,2884,0.000775000000004411,0.000775000000004411,0.000775000000004411,0.000775000000004411,0.000775000000004411,0.000775000000004411,0.000775000000004411,0.000775000000004411,0.000775000000004411,0.000775000000004411,0.000775000000004411,0.10032500000001221,0.10032500000001221,0.10032500000001221,0.10032500000001221,0,0,0,0,0,0,0,0,0,0
1227,2885,0.04427500000000606,0.04427500000000606,0.1441249999999954,0.1441249999999954,0.1441249999999954,0.1441249999999954,0.1441249999999954,0.1441249999999954,0.1441249999999954,0.14397500000000463,0.14397500000000463,0.14397500000000463,0.24382500000000817,0.24382500000000817,0,0,0,0,0,0,0,0,0,0,0
1227,2912,0.054250000000024556,0.054250000000024556,0.054250000000024556,0.054250000000024556,0.054250000000024556,0.054250000000024556,0.054250000000024556,0.054250000000024556,0.054250000000024556,-0.9464999999999577,-0.9464999999999577,-0.9464999999999577,-0.9464999999999577,-0.9464999999999577,-0.9464999999999577,-0.9464999999999577,-0.9464999999999577,-0.9464999999999577,-0.9464999999999577,-0.9464999999999577,-0.9464999999999577,-0.9464999999999577,-0.9464999999999577,0,0
1227,2915,0.14582499999998078,0.14582499999998078,0.14582499999998078,0.14582499999998078,0.19582499999998504,0.19582499999998504,0.19582499999998504,0.2458249999999822,0.2458249999999822,0.2458249999999822,0.2458249999999822,0.4953749999999957,0.4953749999999957,0.4953749999999957,0.4953749999999957,0.4953749999999957,0.4953749999999957,0.4953749999999957,0.4953749999999957,0.5453749999999928,0.5453749999999928,0.5453749999999928,0.5453749999999928,0,0
1227,3019,0.06415000000002635,0.06415000000002635,0.06415000000002635,0.06415000000002635,0.16415000000002777,0.16415000000002777,0.16415000000002777,0.2641500000000292,0.2641500000000292,0.3641500000000306,0.3641500000000306,0.6641500000000278,0.6641500000000278,0.6641500000000278,0.8634000000000484,0.8634000000000484,0.8634000000000484,0.8634000000000484,0.8634000000000484,0.8634000000000484,0.8634000000000484,0.8634000000000484,0.8634000000000484,0,0
1227,3532,-0.8093499999999523,-0.8093499999999523,-0.8093499999999523,-0.8093499999999523,-0.8093499999999523,-0.8093499999999523,-0.8093499999999523,-0.3093499999999523,-0.3093499999999523,-0.3093499999999523,0.19065000000004773,0.6899000000000086,0.6899000000000086,0.6899000000000086,0.6899000000000086,0.6899000000000086,0.6899000000000086,0.6899000000000086,0.6899000000000086,0.6899000000000086,0.6899000000000086,0.6899000000000086,0.6899000000000086,0,0
1227,6505,0.9463000000000079,0.9463000000000079,0.9463000000000079,0.9463000000000079,0.9463000000000079,0.9463000000000079,0.9463000000000079,0.9463000000000079,0.9463000000000079,0.9463000000000079,0.9463000000000079,0.9463000000000079,0.9463000000000079,-0.6551999999999509,-0.6551999999999509,-0.6551999999999509,-0.6551999999999509,-0.355199999999968,-0.355199999999968,-0.355199999999968,-0.355199999999968,-0.355199999999968,-0.355199999999968,0,0
1326,2049,0.10970000000008895,0.10970000000008895,0.10970000000008895,0.10970000000008895,0.10970000000008895,0.10970000000008895,0.11045000000009964,0.11045000000009964,0.11045000000009964,0.11045000000009964,0.11045000000009964,0.6117999999999881,0.6117999999999881,0,0,0,0,0,0,0,0,0,0,0,0
1326,2105,-0.02159999999997808,-0.02159999999997808,-0.02159999999997808,-0.021299999999982333,-0.021299999999982333,-0.021299999999982333,-0.021299999999982333,-0.021299999999982333,-0.021299999999982333,-0.12099999999999511,-0.12099999999999511,-0.12099999999999511,-0.12099999999999511,-0.020999999999986585,-0.020999999999986585,-0.020999999999986585,-0.020999999999986585,0.07900000000000773,0.07900000000000773,0.07900000000000773,0.07900000000000773,0.07900000000000773,0.07900000000000773,0,0
1326,2330,0.5790500000000236,0.5790500000000236,0.5790500000000236,0.5790500000000236,0.5790500000000236,0.5790500000000236,0.5790500000000236,0.5790500000000236,0.5790500000000236,0.5790500000000236,0.5790500000000236,0.5790500000000236,0.5790500000000236,0.5790500000000236,0.5790500000000236,0.5790500000000236,0.5790500000000236,0.5790500000000236,0.5790500000000236,0.5790500000000236,0.5790500000000236,0.5796500000000151,0.5796500000000151,0,0
1326,2353,0.10677500000001316,0.10677500000001316,0.10677500000001316,0.10677500000001316,0.10677500000001316,0.10677500000001316,0.10677500000001316,0.10677500000001316,0.10677500000001316,0.10677500000001316,0.10677500000001316,0.10677500000001316,0.10677500000001316,0.10677500000001316,-0.1429249999999911,-0.1429249999999911,-0.1429249999999911,-0.1429249999999911,-0.1429249999999911,-0.1429249999999911,-0.1429249999999911,-0.1429249999999911,-0.04292499999999677,0,0
1326,2883,-0.04837499999997874,-0.04837499999997874,-0.04837499999997874,-0.04837499999997874,-0.04837499999997874,-0.04837499999997874,-0.04837499999997874,-0.298074999999983,-0.298074999999983,-0.298074999999983,-0.298074999999983,-0.298074999999983,-0.298074999999983,-0.298074999999983,-0.298074999999983,-0.24814999999998122,-0.24814999999998122,-0.24814999999998122,-0.24814999999998122,-0.24814999999998122,-0.24814999999998122,-0.24814999999998122,-0.24814999999998122,-0.04829999999999046,-0.04829999999999046
1326,2884,0.07377500000001191,0.07377500000001191,0.07377500000001191,0.07377500000001191,0.07377500000001191,0.07377500000001191,0.07377500000001191,0.07377500000001191,0.07377500000001191,0.07377500000001191,0.07377500000001191,0.07407500000000766,0.07407500000000766,0.07407500000000766,0.07422499999999843,0,0,0,0,0,0,0,0,0,0
1326,3019,0.045100000000019236,0.045100000000019236,0.045100000000019236,0.045100000000019236,0.045100000000019236,-0.053849999999968645,0.1461500000000271,0.1461500000000271,0.1461500000000271,0.1461500000000271,0.1461500000000271,0.1461500000000271,0.1461500000000271,0.2461500000000285,0.2461500000000285,0.3467500000000143,0.3467500000000143,0.3467500000000143,0.3467500000000143,0.3467500000000143,0.3467500000000143,0.3467500000000143,0,0,0
1326,3481,0.6280750000001092,0.6280750000001092,0.6280750000001092,0.6280750000001092,0.6280750000001092,0.6280750000001092,0.8780750000001092,0.8780750000001092,0.8780750000001092,0.8780750000001092,0.8780750000001092,0.8780750000001092,0.8780750000001092,0.8780750000001092,0.8780750000001092,0.5289750000000879,0.5289750000000879,0.5289750000000879,0.5289750000000879,0.5289750000000879,0.5289750000000879,0.5289750000000879,0.5289750000000879,0,0
1326,5880,0.24815000000000964,0.24815000000000964,0.24815000000000964,0.24815000000000964,0.24815000000000964,0.24815000000000964,0.24815000000000964,0.24815000000000964,0.24815000000000964,0.24815000000000964,0.24815000000000964,0.24815000000000964,0.24815000000000964,0.24815000000000964,0.24815000000000964,0.24860000000001037,0.24860000000001037,0.24860000000001037,0.24860000000001037,0.24860000000001037,0.24860000000001037,0.24860000000001037,0.24860000000001037,0,0
1802,2317,0.2422250000000048,0.2422250000000048,0.2422250000000048,0.2422250000000048,0.2422250000000048,0.2422250000000048,0.2422250000000048,0.2422250000000048,0.2422250000000048,0.2422250000000048,0.2422250000000048,0.24207500000001403,0,0,0,0,0,0,0,0,0,0,0,0,0
1802,2498,0.10200000000001097,0.10200000000001097,0.10200000000001097,0.10200000000001097,0.10200000000001097,0.10200000000001097,0.10200000000001097,0.10200000000001097,0.10200000000001097,-0.5973999999999933,-0.5973999999999933,-0.5973999999999933,-0.5973999999999933,-0.49679999999999325,-0.49679999999999325,-0.49679999999999325,-0.49679999999999325,-0.49679999999999325,-0.49679999999999325,-0.39679999999999893,-0.39679999999999893,-0.39679999999999893,-0.39679999999999893,0,0
1802,2891,0.04960000000000164,0.04960000000000164,0.04960000000000164,0.04960000000000164,0.04960000000000164,0.04960000000000164,0.04960000000000164,0.04960000000000164,0.04960000000000164,0.04960000000000164,0.04960000000000164,0.04960000000000164,0.04960000000000164,0.04960000000000164,0.04960000000000164,0.04960000000000164,0.04960000000000164,0.09960000000000058,0.09960000000000058,0.09960000000000058,0.09960000000000058,0.09960000000000058,0.09960000000000058,0,0
2002,2105,0.1821000000000339,0.1821000000000339,0.1821000000000339,0.1821000000000339,0.1821000000000339,0.1821000000000339,0.1821000000000339,0.08240000000003533,0.08240000000003533,0.08240000000003533,0.08240000000003533,0.08255000000001189,0.08255000000001189,0.08255000000001189,0,0,0,0,0,0,0,0,0,0,0
2002,2330,0.47700000000000387,0.47700000000000387,0.47700000000000387,0.47700000000000387,0.47700000000000387,0.47700000000000387,0.47700000000000387,0.47700000000000387,0.47700000000000387,0.47700000000000387,0.47700000000000387,0.47700000000000387,0.47700000000000387,0.47700000000000387,0.47700000000000387,0.4773750000000092,0.4773750000000092,0.4773750000000092,0.4773750000000092,0.4773750000000092,0.4773750000000092,0.4773750000000092,0.4773750000000092,0,0
2002,2353,0.10952500000000143,0.10952500000000143,0.10952500000000143,0.10952500000000143,0.10952500000000143,0.10952500000000143,0.10952500000000143,0.10952500000000143,0.10952500000000143,0.10952500000000143,0.10952500000000143,0.15952499999999858,0.15952499999999858,0,0,0,0,0,0,0,0,0,0,0,0
2002,2884,0.07652500000000018,0.07652500000000018,0.07652500000000018,0.07652500000000018,0.07652500000000018,0.07652500000000018,0.07652500000000018,0.07652500000000018,0.07652500000000018,0.07660000000000267,0.07660000000000267,0.12660000000000338,0.12660000000000338,0.12660000000000338,0,0,0,0,0,0,0,0,0,0,0
2002,3019,0.09342500000000342,0.24357500000001409,0.24357500000001409,0.24357500000001409,0.24357500000001409,0.24357500000001409,0.24357500000001409,0.24357500000001409,0.24357500000001409,0.24357500000001409,0.24357500000001409,0.2441000000000031,0.3441000000000045,0.3441000000000045,0.3441000000000045,0.49447500000000844,0.49447500000000844,0.49447500000000844,0.49447500000000844,0.49447500000000844,0.49447500000000844,0.49447500000000844,0.49447500000000844,0,0
2105,2327,0.7042000000000144,0.7042000000000144,-0.9962500000000034,-0.9962500000000034,-0.9962500000000034,-0.9962500000000034,-0.7965499999999963,-0.696700000000007,-0.696700000000007,-0.2965499999999963,-0.2965499999999963,-0.2965499999999963,-0.2965499999999963,-0.2965499999999963,0.5022500000000036,0.5022500000000036,0.5022500000000036,0.5022500000000036,0.5022500000000036,0.5022500000000036,0.5022500000000036,0.5022500000000036,0.5022500000000036,0,0
2105,2357,0.6105000000000587,0.6105000000000587,0.6105000000000587,0.6105000000000587,0.6105000000000587,0.6105000000000587,0.6105000000000587,0.6105000000000587,0.6105000000000587,0.6105000000000587,0.6105000000000587,0,0,0,0,0,0,0,0,0,0,0,0,0,0
2105,2492,0.35540000000002436,0.35540000000002436,0.35540000000002436,0.35540000000002436,0.35540000000002436,0.35540000000002436,0.35540000000002436,0.4552500000000208,0.4552500000000208,0.4552500000000208,0.4552500000000208,-0.15129999999997779,0.14870000000002648,0.14870000000002648,0.14870000000002648,0.14870000000002648,0.14870000000002648,0.14870000000002648,0.14870000000002648,0,0,0,0,0,0
2105,2615,-0.6053249999999935,-0.6053249999999935,-0.6053249999999935,-0.6053249999999935,-0.6053249999999935,-0.6053249999999935,-0.6053249999999935,-0.6053249999999935,-0.6053249999999935,-0.5553249999999963,-0.5553249999999963,-0.25532499999999914,-0.25532499999999914,-0.25532499999999914,-0.25532499999999914,-0.25532499999999914,-0.25532499999999914,-0.25532499999999914,-0.25532499999999914,-0.25532499999999914,-0.25532499999999914,-0.25532499999999914,-0.055324999999996294,0,0
2105,2881,0.03822500000000417,0.03822500000000417,0.13807500000000772,0.13807500000000772,0.13807500000000772,0.13807500000000772,0.13807500000000772,0.13807500000000772,0.13807500000000772,0.13807500000000772,0.13807500000000772,0.1880000000000095,-0.11207499999999726,-0.11207499999999726,0,0,0,0,0,0,0,0,0,0,0
2105,2883,-0.2013499999999837,-0.2013499999999837,-0.2013499999999837,-0.2013499999999837,-0.2013499999999837,-0.2013499999999837,-0.2013499999999837,-0.2013499999999837,-0.2013499999999837,-0.2013499999999837,-0.2013499999999837,-0.15142499999998904,-0.15142499999998904,-0.15142499999998904,-0.15142499999998904,-0.15142499999998904,-0.15142499999998904,-0.15142499999998904,-0.15142499999998904,-0.10149999999998727,-0.10149999999998727,-0.10149999999998727,-0.10149999999998727,0,0
2105,2884,0.021025000000001626,0.021025000000001626,0.021025000000001626,0.021025000000001626,0.021025000000001626,0.021025000000001626,0.021025000000001626,0.021025000000001626,0.021025000000001626,0.021025000000001626,0.021025000000001626,0.02087500000000375,0.02087500000000375,0.02087500000000375,0.02087500000000375,0,0,0,0,0,0,0,0,0,0
2105,2885,0.16437500000000682,0.16437500000000682,0,0,0,0,0,0,0,0,0,0,0,0,0,0,0,0,0,0,0,0,0,0,0
2105,3231,-0.054749999999977206,-0.054749999999977206,0.04480000000001638,0.04480000000001638,0.14465000000001993,0.14465000000001993,0.14465000000001993,0.14465000000001993,0.14465000000001993,0.14465000000001993,0.14525000000001853,0.14525000000001853,0,0,0,0,0,0,0,0,0,0,0,0,0
2105,5880,0.19540000000000646,0.19540000000000646,0.19540000000000646,0.19540000000000646,0.19540000000000646,0.19540000000000646,0.19540000000000646,0.19540000000000646,0.19540000000000646,0.19540000000000646,0.19540000000000646,0.19540000000000646,0.19540000000000646,0.19540000000000646,0.19540000000000646,0.19540000000000646,0.19540000000000646,0.29525000000001,0.29525000000001,0.29525000000001,0.29525000000001,0.29525000000001,0.29525000000001,0,0
2105,6505,-0.8501999999999867,-0.8501999999999867,-0.8501999999999867,-0.8501999999999867,-0.8501999999999867,-0.8501999999999867,-0.8501999999999867,-0.8501999999999867,-0.8501999999999867,-0.8501999999999867,-0.8501999999999867,-0.7503499999999903,-0.6504999999999868,-0.6504999999999868,-0.3509499999999832,-0.3509499999999832,-0.3509499999999832,-0.3509499999999832,-0.3509499999999832,-0.3509499999999832,-0.3509499999999832,-0.3509499999999832,-0.3509499999999832,0,0
2308,2883,0.24190000000002243,0.24190000000002243,0.2919000000000267,0.2919000000000267,0.2919000000000267,0.2919000000000267,0.2919000000000267,0.2919000000000267,0.2919000000000267,0.2919000000000267,0.2919000000000267,0.2919000000000267,0.19092500000000712,0.19092500000000712,0,0,0,0,0,0,0,0,0,0,0
2324,2492,0.018775000000005093,0.018775000000005093,0.018775000000005093,0.018775000000005093,0.018775000000005093,0.018775000000005093,0.21862500000000296,0.21862500000000296,0.21862500000000296,0.21862500000000296,0.21862500000000296,-0.6298749999999984,-0.6298749999999984,-0.4794999999999945,-0.37949999999999307,-0.37949999999999307,-0.37949999999999307,-0.37949999999999307,-0.37949999999999307,-0.32987500000000125,-0.32987500000000125,-0.32987500000000125,-0.32987500000000125,0,0
2324,2881,0.018525000000011005,0.018525000000011005,0.01860000000000639,0.01860000000000639,0.06860000000001065,0.06860000000001065,0.06860000000001065,0.06860000000001065,0.06860000000001065,0.06860000000001065,0.06860000000001065,0.11860000000000781,0.11860000000000781,0.11860000000000781,0.11860000000000781,-0.13169999999999504,-0.13169999999999504,-0.13169999999999504,-0.13169999999999504,-0.13169999999999504,-0.13169999999999504,-0.13169999999999504,-0.13169999999999504,0,0
2327,2885,0.01832500000001147,0.01832500000001147,0.01832500000001147,0.01832500000001147,0.01832500000001147,0.01832500000001147,0.01832500000001147,0.01832500000001147,0.01832500000001147,0.01832500000001147,0.01832500000001147,0,0,0,0,0,0,0,0,0,0,0,0,0,0
2317,2330,0.07520000000000948,0.07520000000000948,0.07520000000000948,0.07520000000000948,0.07520000000000948,0.07520000000000948,0.07520000000000948,0.07520000000000948,0.175200000000018,0.175200000000018,0.175200000000018,0.17504999999999882,0.17504999999999882,0.07489999999999952,0.07489999999999952,0.07489999999999952,-0.025249999999985562,-0.025249999999985562,-0.025249999999985562,-0.025249999999985562,-0.025249999999985562,-0.025249999999985562,-0.025249999999985562,0,0
2317,2353,0.0019750000000016144,0.0019750000000016144,0.0019750000000016144,0.0019750000000016144,0.0019750000000016144,0.0019750000000016144,0.0019750000000016144,0.0019750000000016144,0.0019750000000016144,0.0019750000000016144,0.0019750000000016144,0.0012250000000051386,0.0012250000000051386,0.0012250000000051386,0.10107500000000869,0.10107500000000869,0.10107500000000869,0,0,0,0,0,0,0,0
2317,2357,-0.21804999999997676,-0.21804999999997676,-0.018649999999979627,-0.018649999999979627,-0.018649999999979627,-0.018649999999979627,-0.018649999999979627,-0.018649999999979627,-0.018649999999979627,-0.019399999999961892,-0.019399999999961892,-0.019399999999961892,-0.019399999999961892,-0.019399999999961892,0.27820000000002665,0.27820000000002665,0.27820000000002665,0.27820000000002665,0.27820000000002665,0.27820000000002665,0.27820000000002665,0.27820000000002665,0.27820000000002665,0,0
2317,2610,-0.7123999999999953,-0.7123999999999953,-0.7123999999999953,-0.7123999999999953,-0.6125499999999775,-0.6125499999999775,-0.6125499999999775,-0.6125499999999775,-0.6125499999999775,-0.6125499999999775,-0.6125499999999775,-0.5126999999999882,-0.5126999999999882,-0.5126999999999882,-0.4128499999999846,-0.4128499999999846,-0.4128499999999846,-0.4128499999999846,-0.4128499999999846,-0.4128499999999846,-0.4128499999999846,-0.4128499999999846,-0.31299999999998107,0,0
2317,2618,-0.4034249999999844,-0.4034249999999844,-0.4034249999999844,-0.4034249999999844,-0.4034249999999844,-0.4034249999999844,-0.4034249999999844,-0.4034249999999844,-0.4034249999999844,-0.4034249999999844,-0.4034249999999844,-0.4034249999999844,-0.30357499999999504,-0.30357499999999504,-0.2037249999999915,-0.2037249999999915,-0.2037249999999915,-0.10387499999998795,-0.10387499999998795,-0.10387499999998795,-0.10387499999998795,-0.10387499999998795,-0.10387499999998795,0,0
2317,2890,-0.06194999999998174,-0.06194999999998174,-0.06194999999998174,-0.06194999999998174,-0.06194999999998174,-0.06194999999998174,-0.06210000000000093,-0.06210000000000093,-0.06210000000000093,-0.06210000000000093,-0.06210000000000093,-0.06210000000000093,-0.21254999999999313,-0.21254999999999313,-0.21254999999999313,-0.21254999999999313,-0.21254999999999313,-0.11269999999998959,-0.11269999999998959,-0.11269999999998959,-0.11269999999998959,-0.11269999999998959,-0.11269999999998959,0,0
2317,2891,-0.05349999999998545,-0.05349999999998545,0.04619999999999891,0.04619999999999891,0.04619999999999891,0.04619999999999891,0.04619999999999891,0.04619999999999891,0.04619999999999891,0.04619999999999891,0.04619999999999891,0.14620000000000744,0.14620000000000744,0.14620000000000744,0.14620000000000744,0.14620000000000744,0.14620000000000744,-0.054249999999996135,-0.054249999999996135,-0.054249999999996135,-0.054249999999996135,-0.054249999999996135,-0.054249999999996135,0,0
2317,3034,1.1102500000000646,1.1102500000000646,1.1095000000000823,1.1095000000000823,1.1095000000000823,1.1095000000000823,1.1095000000000823,1.1095000000000823,-2.388249999999971,-2.388249999999971,-2.388249999999971,-1.8889999999999532,-1.8889999999999532,-1.8889999999999532,-1.3897499999999354,-1.3897499999999354,-1.3897499999999354,-0.8904999999999745,-0.8904999999999745,-0.8904999999999745,-0.8904999999999745,-0.8904999999999745,-0.8904999999999745,0,0
2317,3702,-0.06117499999999154,-0.06117499999999154,-0.06117499999999154,-0.06117499999999154,-0.06117499999999154,-0.06117499999999154,-0.06117499999999154,-0.06117499999999154,-0.06117499999999154,-0.06117499999999154,-0.06117499999999154,-0.4113999999999862,-0.4113999999999862,-0.4113999999999862,-0.4113999999999862,-0.4113999999999862,-0.4113999999999862,-0.3115499999999969,-0.3115499999999969,-0.3115499999999969,-0.3115499999999969,-0.3115499999999969,-0.3115499999999969,0,0
2317,5871,-0.19234999999986258,-0.19234999999986258,-0.19234999999986258,-0.19234999999986258,-0.19234999999986258,-0.19234999999986258,-0.19294999999993934,-0.19294999999993934,-0.19294999999993934,-0.19294999999993934,-0.19294999999993934,-1.7924999999999898,-1.7924999999999898,-1.7924999999999898,-1.7924999999999898,-1.3930999999999756,-1.3930999999999756,-1.3930999999999756,-1.3930999999999756,-1.3930999999999756,-1.3930999999999756,-1.3930999999999756,-1.3930999999999756,0,0
2317,5880,0.3432000000000244,0.3432000000000244,0.3432000000000244,0.3432000000000244,0.3432000000000244,0.3432000000000244,0.3432000000000244,0.3432000000000244,0.3432000000000244,0.3432000000000244,0.3432000000000244,0.3432000000000244,0.3432000000000244,0.3432000000000244,0.3432000000000244,0.3432000000000244,0.3432000000000244,0.3432000000000244,0.3432000000000244,0.3432000000000244,0.3432000000000244,0.3432000000000244,0.3432000000000244,0,0
2317,6505,1.6455000000000837,1.6455000000000837,1.6455000000000837,1.6455000000000837,1.6455000000000837,1.6455000000000837,1.6455000000000837,1.6455000000000837,1.6455000000000837,1.6455000000000837,1.6455000000000837,1.6455000000000837,1.6455000000000837,1.6455000000000837,1.6455000000000837,0,0,0,0,0,0,0,0,0,0
2313,2353,0.06402500000000089,0.06402500000000089,0.06402500000000089,0.06402500000000089,0.06402500000000089,0.06402500000000089,0.06402500000000089,0.06402500000000089,0.06402500000000089,0.06402500000000089,0.06402500000000089,0.1140250000000016,0.3140250000000009,0.3140250000000009,0.3140250000000009,0.3140250000000009,0.3640250000000016,0.3640250000000016,0.3640250000000016,0.3640250000000016,0.3640250000000016,0,0,0,0
2313,2618,0.059074999999996436,0.059074999999996436,0.059074999999996436,0.059074999999996436,0.059074999999996436,0.059074999999996436,0.059074999999996436,0.059074999999996436,0.059074999999996436,0.10899999999999821,0.15892499999999998,0,0,0,0,0,0,0,0,0,0,0,0,0,0
2313,2884,0.08102500000000035,0.031175000000001063,0.08117500000000177,0.08117500000000177,0.13117500000000248,0.13117500000000248,0.18132499999999752,0.18132499999999752,0,0,0,0,0,0,0,0,0,0,0,0,0,0,0,0,0
2313,2885,0.17445000000000377,0.17445000000000377,0.17445000000000377,0.17445000000000377,0.17445000000000377,0.17445000000000377,0.12467500000000342,0.12467500000000342,0.12467500000000342,0.12467500000000342,0.12467500000000342,0.17475000000000307,0.17475000000000307,0.22475000000000378,0,0,0,0,0,0,0,0,0,0,0
2313,3034,0.5699500000000199,0.5699500000000199,0.5699500000000199,0.5699500000000199,0.5699500000000199,0.5699500000000199,0.5699500000000199,1.0199500000000157,1.0199500000000157,1.0199500000000157,1.0199500000000157,1.0199500000000157,1.0199500000000157,1.0199500000000157,2.3392500000000496,2.3392500000000496,2.3392500000000496,2.3392500000000496,2.3392500000000496,2.3392500000000496,2.3392500000000496,2.3392500000000496,2.3392500000000496,0,0
2313,6505,1.723575000000043,1.723575000000043,1.723575000000043,1.723575000000043,1.723575000000043,1.723575000000043,1.723575000000043,1.723575000000043,1.723575000000043,1.8236500000000397,-0.830099999999927,-0.830099999999927,-0.830099999999927,-0.830099999999927,-0.830099999999927,-0.830099999999927,-0.830099999999927,-0.830099999999927,-0.830099999999927,-0.830099999999927,-0.830099999999927,-0.830099999999927,-0.830099999999927,0,0
2330,2353,0.36412500000000136,0.36412500000000136,0.36412500000000136,0.36412500000000136,0.36412500000000136,0.36412500000000136,0.36412500000000136,0.36412500000000136,0.36412500000000136,0.36412500000000136,0.36412500000000136,0.36412500000000136,0.36412500000000136,0.36412500000000136,0.6133750000000191,0.6133750000000191,0.6133750000000191,0.6133750000000191,0.6133750000000191,0.6133750000000191,0.6133750000000191,0.6133750000000191,0.6133750000000191,0,0
2330,2357,0.5062500000000227,0.5062500000000227,0.5062500000000227,0.5062500000000227,0.5062500000000227,0.5062500000000227,0.007000000000005002,0.007000000000005002,0.007000000000005002,0.007000000000005002,0.5055000000000405,0.5055000000000405,0.5055000000000405,0.5055000000000405,1.004000000000076,1.004000000000076,1.004000000000076,1.004000000000076,1.004000000000076,1.004000000000076,1.004000000000076,1.004000000000076,1.004000000000076,0,0
2330,2492,0.35890000000000555,0.35890000000000555,0.35890000000000555,0.35890000000000555,0.35890000000000555,0.35890000000000555,0.5587500000000034,0.3590500000000034,0.3590500000000034,0.45904999999999774,0.45904999999999774,0.6590500000000006,0.6590500000000006,0.6590500000000006,0.6590500000000006,2.059750000000008,2.059750000000008,2.059750000000008,2.059750000000008,2.059750000000008,2.059750000000008,2.059750000000008,2.059750000000008,0,0
2330,2615,1.0633750000000362,1.0633750000000362,1.0633750000000362,1.0633750000000362,1.0633750000000362,1.0633750000000362,1.0633750000000362,1.0633750000000362,1.0633750000000362,1.0633750000000362,1.0633750000000362,1.0633750000000362,1.0633750000000362,1.0633750000000362,1.0633750000000362,1.3133750000000362,1.3133750000000362,1.3133750000000362,1.3133750000000362,1.3133750000000362,1.3133750000000362,1.3133750000000362,1.3133750000000362,0,0
2330,2618,0.3588749999999976,0.3588749999999976,0.3588749999999976,0.3588749999999976,0.3588749999999976,0.3588749999999976,0.3588749999999976,0.3588749999999976,0.3588749999999976,0.3588749999999976,0.3588749999999976,0.3588749999999976,0.3588749999999976,0.3588749999999976,0.3588749999999976,0.3588749999999976,0.3588749999999976,0.8581250000000153,0.8581250000000153,0.8581250000000153,0.8581250000000153,0.8581250000000153,0.8581250000000153,0,0
2330,2881,0.7742500000000234,0.7742500000000234,0.7742500000000234,0.7742500000000234,0.7742500000000234,0.7742500000000234,0.7742500000000234,0.7742500000000234,0.7742500000000234,0.7742500000000234,0.7742500000000234,0.7742500000000234,0.7742500000000234,0.7711000000000183,-1.1240999999999985,-1.1240999999999985,-1.1240999999999985,-1.1240999999999985,-1.1240999999999985,-1.1240999999999985,-1.1240999999999985,0,0,0,0
2330,2883,0.1589750000000052,0.1589750000000052,0.1589750000000052,0.1589750000000052,0.1589750000000052,0.1589750000000052,0.1589750000000052,0.1589750000000052,0.1589750000000052,0.1589750000000052,0.1589750000000052,0.15905000000000058,0.15905000000000058,0.15905000000000058,0.15905000000000058,0.15875000000000483,0.5580750000000236,0.5580750000000236,0.5580750000000236,0.5580750000000236,0.5580750000000236,0.5580750000000236,0.5580750000000236,0,0
2330,2885,-0.12537499999999824,-0.12537499999999824,-0.12537499999999824,-0.12537499999999824,-0.12537499999999824,-0.12537499999999824,0.37462500000000176,0.37462500000000176,0.37462500000000176,0.37462500000000176,0.37462500000000176,0.37462500000000176,0.37462500000000176,0.3738750000000195,0.3738750000000195,0.3738750000000195,0.3738750000000195,0.3738750000000195,0.3738750000000195,0.3738750000000195,0.3738750000000195,0.3738750000000195,0.3738750000000195,0,0
2330,2891,-0.09104999999999563,-0.09104999999999563,-0.09104999999999563,-0.09104999999999563,-0.09104999999999563,-0.09104999999999563,-0.09104999999999563,-0.09104999999999563,-0.09104999999999563,-0.09104999999999563,-0.09104999999999563,0.10864999999999725,0.10864999999999725,0.10864999999999725,0.10864999999999725,0.10864999999999725,0.10864999999999725,0.10864999999999725,0.10864999999999725,0.10864999999999725,0.10864999999999725,0.10864999999999725,0.10864999999999725,0,0
2330,3019,0.7785499999999956,0.7785499999999956,0.7785499999999956,0.7785499999999956,0.7785499999999956,0.7785499999999956,0.7785499999999956,0.7785499999999956,0.7785499999999956,0.7785499999999956,0.7785499999999956,0.7785499999999956,0.7785499999999956,0.7785499999999956,0.5791500000000056,0.5791500000000056,0.5791500000000056,0.6792999999999978,0.6792999999999978,0.6792999999999978,0.6792999999999978,0.6792999999999978,0.6792999999999978,0,0
2330,4938,0.3085000000000093,0.3085000000000093,0.3085000000000093,0.3085000000000093,0.3085000000000093,0.3085000000000093,0.3085000000000093,0.3085000000000093,0.3085000000000093,0.3085000000000093,0.3085000000000093,0.3085000000000093,0.3085000000000093,0.3085000000000093,0.3085000000000093,0.3085000000000093,0.40850000000000364,0.40850000000000364,0.40850000000000364,0.40850000000000364,0.40850000000000364,0.40850000000000364,0.40850000000000364,0,0
2330,6505,2.580000000000041,2.580000000000041,2.580000000000041,2.580000000000041,2.580000000000041,2.580000000000041,2.580000000000041,2.580000000000041,2.580000000000041,2.580000000000041,2.580000000000041,2.580000000000041,2.580000000000041,2.580000000000041,-0.42299999999988813,-0.42299999999988813,-0.42299999999988813,-0.42299999999988813,-0.42299999999988813,-0.42299999999988813,-0.42299999999988813,-0.42299999999988813,-0.42299999999988813,0,0
2330,9945,0.20742500000002906,0.20742500000002906,0.20742500000002906,0.20742500000002906,0.20742500000002906,0.20742500000002906,0.20742500000002906,0.20742500000002906,0.20742500000002906,0.20742500000002906,0.20742500000002906,0.20742500000002906,0.20742500000002906,0.20742500000002906,0.20742500000002906,0.20742500000002906,0.20742500000002906,0.20742500000002906,0.20742500000002906,0.20742500000002906,0.20742500000002906,0.20742500000002906,0.20742500000002906,0,0
2353,2357,-0.28512499999999363,-0.28512499999999363,-0.28512499999999363,-0.28512499999999363,-0.28512499999999363,-0.28512499999999363,-0.28512499999999363,0.21262500000000273,0.21262500000000273,0.21262500000000273,0.21262500000000273,0.7118750000000205,0.7118750000000205,0.7118750000000205,0,0,0,0,0,0,0,0,0,0,0
2353,2408,0.07570000000000476,0.07570000000000476,0.07570000000000476,0.07570000000000476,0.07570000000000476,0.07570000000000476,0.07600000000000051,0.07600000000000051,0.07600000000000051,0.07600000000000051,0.07600000000000051,0.07600000000000051,0.12607500000000726,0.12607500000000726,0,0,0,0,0,0,0,0,0,0,0
2353,2498,0.1385750000000172,0.1385750000000172,0.1385750000000172,0.1385750000000172,0.1385750000000172,0.1385750000000172,0.1385750000000172,0.1385750000000172,0.1385750000000172,0.1385750000000172,0.1385750000000172,0.1385750000000172,-0.4105249999999927,-0.4105249999999927,-0.4105249999999927,-0.4105249999999927,-0.4105249999999927,-0.4105249999999927,-0.4105249999999927,-0.4105249999999927,-0.4105249999999927,-0.4105249999999927,-0.4105249999999927,0,0
2353,2884,0.23527500000000146,0.23527500000000146,0.23527500000000146,0.23527500000000146,0.23527500000000146,0.23527500000000146,0.23527500000000146,0.23527500000000146,0.23527500000000146,0.23527500000000146,0.23527500000000146,0.23527500000000146,0,0,0,0,0,0,0,0,0,0,0,0,0
2353,2885,0.27217499999999717,0.27217499999999717,0.27217499999999717,0.27217499999999717,0.27217499999999717,0.27217499999999717,0.27217499999999717,0.27217499999999717,0.27217499999999717,0.27217499999999717,0.27217499999999717,0.27217499999999717,0.27217499999999717,0.27217499999999717,0.27217499999999717,0.27217499999999717,0,0,0,0,0,0,0,0,0
2353,2912,-0.2416249999999991,-0.2416249999999991,-0.2416249999999991,-0.2416249999999991,-0.2416249999999991,-0.2416249999999991,-0.2416249999999991,-0.2416249999999991,-0.2416249999999991,-0.2416249999999991,-0.2416249999999991,-0.24237499999998136,0,0,0,0,0,0,0,0,0,0,0,0,0
2353,3019,0.16767499999999558,0.16767499999999558,0.16767499999999558,0.16767499999999558,0.16767499999999558,0.16767499999999558,0.16767499999999558,0.16767499999999558,0.26857500000000556,0.26857500000000556,0.26857500000000556,0.26857500000000556,0.26857500000000556,0.4685750000000084,0,0,0,0,0,0,0,0,0,0,0
2353,3481,0.1242250000000027,0.1242250000000027,0.1242250000000027,0.1242250000000027,0.1242250000000027,0.1242250000000027,0.1242250000000027,0.1242250000000027,0.1242250000000027,0.1242250000000027,0.1242250000000027,0.1242250000000027,0.1242250000000027,0.17422500000000163,0.17422500000000163,0.22422500000000234,0.22422500000000234,0,0,0,0,0,0,0,0
2353,6285,0.022675000000006662,0.022675000000006662,0.022675000000006662,0.022675000000006662,0.022675000000006662,0.022675000000006662,0.022675000000006662,0.022675000000006662,0.022675000000006662,0.022675000000006662,0.022675000000006662,0,0,0,0,0,0,0,0,0,0,0,0,0,0
2353,6505,0.48637500000000955,0.48637500000000955,0.48637500000000955,0.48637500000000955,0.48637500000000955,0.48637500000000955,0.48637500000000955,0.48637500000000955,0.48637500000000955,0.48637500000000955,0.48637500000000955,0.48637500000000955,-0.014374999999986926,-0.014374999999986926,-0.014374999999986926,-0.014374999999986926,-0.014374999999986926,-0.014374999999986926,-0.014374999999986926,-0.014374999999986926,-0.014374999999986926,-0.014374999999986926,-0.014374999999986926,0,0
2356,3532,0.43762500000001125,0.43762500000001125,0.43762500000001125,0.43762500000001125,0.43762500000001125,0.43762500000001125,0.9376250000000113,0.9376250000000113,0.9376250000000113,0.9376250000000113,0.9376250000000113,1.337625000000017,1.387625000000014,1.387625000000014,1.387625000000014,1.387625000000014,1.387625000000014,1.387625000000014,1.387625000000014,1.387625000000014,1.387625000000014,1.387625000000014,1.387625000000014,0,0
2357,2395,-0.5032499999999231,-0.5032499999999231,-0.5032499999999231,-0.5032499999999231,-0.5032499999999231,-0.5032499999999231,-4.005499999999927,-4.005499999999927,-4.005499999999927,-4.005499999999927,-4.005499999999927,-4.005499999999927,-4.005499999999927,-4.005499999999927,-4.005499999999927,-4.005499999999927,-4.005499999999927,-4.005499999999927,-4.005499999999927,-4.005499999999927,-4.005499999999927,-3.0069999999998913,-3.0069999999998913,0.98700000000008,0.98700000000008
2357,2454,0.559750000000065,0.559750000000065,0.5612500000000864,0.5612500000000864,0.5612500000000864,0.5612500000000864,0.5612500000000864,0.5612500000000864,0.5612500000000864,0.5612500000000864,0.5612500000000864,1.5612500000000864,1.5612500000000864,1.5612500000000864,1.5612500000000864,1.5612500000000864,1.5612500000000864,1.5612500000000864,1.5612500000000864,-1.9394999999998959,-1.9394999999998959,-1.9394999999998959,-1.9394999999998959,0,0
2357,2492,-6.9652499999999975,-6.9652499999999975,-6.9652499999999975,-6.9652499999999975,-6.9652499999999975,-6.9652499999999975,-6.565249999999992,-5.365250000000003,-5.365250000000003,-5.365250000000003,-5.365250000000003,-5.365250000000003,-5.365250000000003,-4.9652499999999975,-4.565249999999992,-2.0689999999998463,-2.0689999999998463,-2.0689999999998463,-2.0689999999998463,-2.0689999999998463,-2.0689999999998463,-2.0689999999998463,-2.0689999999998463,0,0
2357,2610,-1.0002499999999728,-1.0002499999999728,-1.0002499999999728,-1.0002499999999728,-1.0002499999999728,-1.0002499999999728,-1.0002499999999728,-1.0002499999999728,-1.0002499999999728,-1.0002499999999728,-1.0002499999999728,-1.0002499999999728,-0.500999999999955,-0.500999999999955,-0.0017499999999941451,-0.0017499999999941451,-0.0017499999999941451,-0.0017499999999941451,-0.0017499999999941451,-0.0017499999999941451,-0.0017499999999941451,0.4975000000000236,0.4975000000000236,0,0
2357,2618,-1.2903749999999974,-1.2903749999999974,-1.2903749999999974,-1.2903749999999974,-1.2903749999999974,-1.2903749999999974,-1.2903749999999974,-1.2903749999999974,-1.2903749999999974,-1.2903749999999974,-1.2903749999999974,-1.2903749999999974,-0.7911249999999797,-0.7911249999999797,-0.2918749999999619,-0.2918749999999619,-0.2918749999999619,-0.2918749999999619,-0.2918749999999619,-0.2918749999999619,-0.2918749999999619,0.20737499999999898,0.20737499999999898,0,0
2357,2881,0.06325000000001069,0.06325000000001069,-3.4410999999998353,-3.4410999999998353,-3.4410999999998353,-3.4410999999998353,-3.4410999999998353,-3.0416999999998495,-3.0416999999998495,-3.0416999999998495,-3.0416999999998495,-0.1460499999999456,-0.1460499999999456,-0.1460499999999456,-0.1460499999999456,-0.1460499999999456,-0.1460499999999456,-0.1460499999999456,-0.1460499999999456,-0.1460499999999456,-0.1460499999999456,-0.1460499999999456,-0.1460499999999456,0,0
2357,2883,0.008975000000027933,0.008975000000027933,0.058975000000032196,0.058975000000032196,0.058975000000032196,0.058975000000032196,0.058975000000032196,0.058975000000032196,0.058975000000032196,0.058975000000032196,0.058975000000032196,0.10800000000003962,0.10800000000003962,0.6072500000000005,0.6072500000000005,0.6072500000000005,0.6072500000000005,0.6072500000000005,0.6072500000000005,0.6072500000000005,0.6072500000000005,0.6072500000000005,0.6072500000000005,0,0
2357,2884,-0.3181249999999949,-0.3181249999999949,-0.3181249999999949,-0.3181249999999949,-0.3181249999999949,-0.3181249999999949,-0.3181249999999949,-0.3181249999999949,-0.3181249999999949,0.17962500000000148,0.17962500000000148,0.6788750000000192,0.6788750000000192,0.6788750000000192,0.6788750000000192,0,0,0,0,0,0,0,0,0,0
2357,2885,0.2246250000000245,0.2246250000000245,0.2246250000000245,0.2246250000000245,0.2246250000000245,0.2246250000000245,0.2246250000000245,0.2246250000000245,0.2246250000000245,0.2246250000000245,0.2246250000000245,0.22387500000004223,0.22387500000004223,0.22387500000004223,0.22312500000000313,0.22312500000000313,0,0,0,0,0,0,0,0,0
2357,2891,0.15865000000002283,0.15865000000002283,0.15865000000002283,0.15865000000002283,0.15865000000002283,0.15865000000002283,0.15865000000002283,0.15790000000004056,0.6571500000000015,0.6571500000000015,0.6571500000000015,0.6571500000000015,0.6571500000000015,0.6571500000000015,0.6571500000000015,0.6571500000000015,0.6571500000000015,0.6571500000000015,0.6571500000000015,0.6571500000000015,0.6571500000000015,0.6571500000000015,0.9564000000000163,0,0
2357,5880,0.2055000000000291,0.2055000000000291,0.2055000000000291,0.2055000000000291,0.2055000000000291,0.2055000000000291,0.2055000000000291,0.2055000000000291,0.2055000000000291,0.2055000000000291,0.2055000000000291,0.2055000000000291,0.2055000000000291,0.2055000000000291,0.2055000000000291,0.2055000000000291,-0.5444999999999567,0,0,0,0,0,0,0,0
2357,6176,0.08755000000003577,0.08755000000003577,0.08755000000003577,0.08755000000003577,0.08755000000003577,0.08755000000003577,0.08755000000003577,0.08755000000003577,0.08755000000003577,0.08755000000003577,-1.9106499999999755,-1.9106499999999755,-1.9106499999999755,-1.7106499999999727,-1.7106499999999727,-1.7106499999999727,-1.7106499999999727,-1.7106499999999727,-1.7106499999999727,-1.211399999999955,-1.211399999999955,-1.211399999999955,-1.211399999999955,-0.11214999999998554,-0.11214999999998554
2357,6505,1.0917500000000473,1.0917500000000473,1.0917500000000473,1.0917500000000473,1.0917500000000473,1.0917500000000473,1.0917500000000473,1.0917500000000473,1.0917500000000473,1.0917500000000473,1.0917500000000473,1.0917500000000473,1.0917500000000473,-0.9112499999999386,-0.9112499999999386,-0.9112499999999386,-0.9112499999999386,-0.9112499999999386,-0.9112499999999386,0,0,0,0,0,0
2395,2610,-1.4737499999999955,-1.4737499999999955,-1.4737499999999955,-1.4737499999999955,-1.4737499999999955,-1.4237499999999912,-1.4237499999999912,-1.4237499999999912,-1.4237499999999912,-1.4237499999999912,-1.4237499999999912,-1.4237499999999912,-1.4237499999999912,-1.4237499999999912,-0.9244999999999735,-0.9244999999999735,-0.9244999999999735,-0.42524999999998414,-0.42524999999998414,-0.42524999999998414,-0.42524999999998414,-0.42524999999998414,-0.42524999999998414,0,0
2395,2884,0.25762500000000443,0.25762500000000443,-0.24387499999998852,-0.24387499999998852,-0.24387499999998852,-0.24387499999998852,-0.24387499999998852,-0.24387499999998852,-0.24387499999998852,-0.24387499999998852,-0.24387499999998852,0.2553750000000008,0.2553750000000008,0.2553750000000008,0,0,0,0,0,0,0,0,0,0,0
2395,2885,0.3011250000000061,0.3011250000000061,0.3011250000000061,0.3011250000000061,0.3011250000000061,0.3011250000000061,0.3011250000000061,0.3011250000000061,0.3011250000000061,0.29887500000000244,0.29887500000000244,0.29887500000000244,0,0,0,0,0,0,0,0,0,0,0,0,0
2408,2409,0.16765000000001606,0.16765000000001606,0.16765000000001606,0.16765000000001606,0.16765000000001606,0.16765000000001606,0.16765000000001606,0.16765000000001606,0.16765000000001606,0.16765000000001606,0.16765000000001606,0.16765000000001606,0.16765000000001606,0.16765000000001606,0.2177250000000015,0.2177250000000015,0.31772500000001,0.31772500000001,0.31772500000001,0.31772500000001,0.31772500000001,0.31772500000001,0.31772500000001,0,0
2408,2610,0.061400000000006116,0.061400000000006116,0.061400000000006116,0.061400000000006116,0.061400000000006116,0.061400000000006116,0.061400000000006116,0.061400000000006116,0.061400000000006116,0.061400000000006116,0.061400000000006116,0.061400000000006116,0,0,0,0,0,0,0,0,0,0,0,0,0
2408,2884,0.04270000000000351,0.04270000000000351,0.04270000000000351,0.04270000000000351,0.04292500000000388,0.04292500000000388,0.09292500000000103,0.09292500000000103,-0.006850000000000023,-0.006850000000000023,-0.006850000000000023,0,0,0,0,0,0,0,0,0,0,0,0,0,0
2408,2885,0.08620000000000516,0.08620000000000516,0.08620000000000516,0.08620000000000516,0.08620000000000516,0.08620000000000516,0.08620000000000516,0.08620000000000516,0.08620000000000516,0.08620000000000516,0.08620000000000516,0,0,0,0,0,0,0,0,0,0,0,0,0,0
2408,2891,-0.45692499999999825,-0.45692499999999825,-0.45692499999999825,-0.45692499999999825,-0.45692499999999825,-0.45692499999999825,-0.45692499999999825,-0.45692499999999825,-0.45692499999999825,-0.45692499999999825,-0.45692499999999825,-0.406924999999994,-0.406924999999994,-0.30692499999999256,-0.30692499999999256,-0.30692499999999256,-0.30692499999999256,-0.30692499999999256,-0.30692499999999256,-0.30692499999999256,-0.30692499999999256,-0.2569249999999954,-0.2569249999999954,0,0
2408,6176,-2.2178249999999764,-1.8178249999999707,-1.8178249999999707,-1.8178249999999707,-1.8178249999999707,-1.8178249999999707,-1.8178249999999707,-1.8178249999999707,-1.8178249999999707,-1.8178249999999707,-1.8178249999999707,-1.8178249999999707,-1.4671500000000322,-1.4671500000000322,-1.4671500000000322,-1.4671500000000322,-1.4671500000000322,-1.4671500000000322,-1.4671500000000322,-1.4671500000000322,-1.4671500000000322,-1.4671500000000322,-1.4671500000000322,0,0
2408,6505,-4.252899999999954,-4.252899999999954,-4.252899999999954,-4.252899999999954,-4.252899999999954,-4.252899999999954,-4.252899999999954,-4.252899999999954,-4.252899999999954,-4.252899999999954,-4.252899999999954,-3.6528999999999314,-3.6528999999999314,-3.6528999999999314,-3.35289999999992,-0.7178499999999701,-0.7178499999999701,-0.7178499999999701,-0.7178499999999701,-0.7178499999999701,-0.7178499999999701,-0.7178499999999701,-0.7178499999999701,0,0
2454,2812,-0.29412499999997976,-0.29412499999997976,-0.29412499999997976,-0.29412499999997976,-0.29412499999997976,-0.29412499999997976,-0.29412499999997976,0,0,0,0,0,0,0,0,0,0,0,0,0,0,0,0,0,0
2454,2885,-0.16737499999999983,-0.16737499999999983,-0.16737499999999983,-0.16737499999999983,-0.16737499999999983,-0.16737499999999983,-0.16737499999999983,-0.16737499999999983,-0.16737499999999983,-0.16737499999999983,-0.16737499999999983,0,0,0,0,0,0,0,0,0,0,0,0,0,0
2492,2881,0.15989999999999327,0.15989999999999327,0.15989999999999327,0.15989999999999327,0.15989999999999327,0.15989999999999327,0.15989999999999327,0.15989999999999327,0.21042500000001496,0.16057499999999436,0.16057499999999436,0.2605749999999958,0.3605749999999972,0.3605749999999972,0.4605749999999986,0.4605749999999986,0.4605749999999986,0.4605749999999986,0.5105749999999603,0.5105749999999603,0.5105749999999603,0.7605749999999958,0.7605749999999958,0,0
2492,2884,0.13377500000000708,0.03377500000000566,0.03362500000000068,0.03362500000000068,0.03362500000000068,0.03362500000000068,-0.06547499999999928,-0.06547499999999928,-0.06547499999999928,-0.06517499999998932,-0.06517499999998932,0.1348250000000064,0.1348250000000064,0.23482500000000783,0.33482500000000925,0.23512500000000358,0.23512500000000358,0,0,0,0,0,0,0,0
2492,2885,-0.022574999999996237,-0.022574999999996237,-0.022574999999996237,-0.022574999999996237,-0.022574999999996237,-0.022574999999996237,0.07727500000000731,0.07727500000000731,0.17712500000000375,0.17712500000000375,0.1787750000000088,0,0,0,0,0,0,0,0,0,0,0,0,0,0
2498,2610,0.1742750000000015,0.1742750000000015,0.1742750000000015,0.1742750000000015,0.1742750000000015,0.1742750000000015,0.1742750000000015,0.1742750000000015,0.1742750000000015,0.1742750000000015,0,0,0,0,0,0,0,0,0,0,0,0,0,0,0
2498,2615,0.1951000000000107,0.1951000000000107,0.39510000000001355,0.39510000000001355,0.39510000000001355,0.39510000000001355,0.39510000000001355,0.39510000000001355,0.39510000000001355,0.39510000000001355,0.39510000000001355,0.39510000000001355,0.39510000000001355,0.5953999999999979,0.5953999999999979,0.5953999999999979,0.5953999999999979,0.5953999999999979,0.5953999999999979,0.5953999999999979,0.5953999999999979,0.5953999999999979,0.5953999999999979,0,0
2498,2618,0.03362500000000068,0.03362500000000068,0.03362500000000068,0.03362500000000068,0.03362500000000068,0.03362500000000068,0.03362500000000068,0.03362500000000068,0.03362500000000068,0.03362500000000068,0.03362500000000068,0,0,0,0,0,0,0,0,0,0,0,0,0,0
2498,2823,0.020350000000064483,0.020350000000064483,0.020350000000064483,0.020350000000064483,0.020350000000064483,0.020350000000064483,-2.4769500000000164,-2.4769500000000164,-2.4769500000000164,-2.4769500000000164,-2.4769500000000164,-2.4769500000000164,-2.4769500000000164,-1.9776999999999987,-1.9776999999999987,-1.9776999999999987,-1.9776999999999987,-1.9776999999999987,-1.9776999999999987,-1.9776999999999987,-1.9776999999999987,-1.9776999999999987,-1.9776999999999987,-0.2784499999999923,-0.2784499999999923
2498,2884,0.10557500000001596,0.10557500000001596,0.10557500000001596,0.10557500000001596,0.10557500000001596,0.10572499999999252,0.10572499999999252,0.10572499999999252,-0.19352499999999395,-0.19352499999999395,-0.19352499999999395,-0.19352499999999395,-0.19352499999999395,0.20647499999999752,0.20647499999999752,0.20647499999999752,0.20647499999999752,0.20647499999999752,0.20647499999999752,0.20647499999999752,0.20647499999999752,0.20647499999999752,0.20647499999999752,0,0
2498,5880,0.0802500000000066,0.0802500000000066,0.0802500000000066,0.0802500000000066,0.0802500000000066,0.0802500000000066,0.0802500000000066,0.0802500000000066,0.0802500000000066,0.0802500000000066,0.0802500000000066,0.0802500000000066,0.0802500000000066,0.0802500000000066,0.18025000000001512,0.18025000000001512,0.18025000000001512,0.18025000000001512,0.1312250000000006,0.1312250000000006,0.1312250000000006,0.1312250000000006,0.1312250000000006,0,0
2618,2885,0.26797500000000696,0.26797500000000696,0.26797500000000696,0.26797500000000696,0.26797500000000696,0.26797500000000696,0.26797500000000696,0.26797500000000696,0.26797500000000696,0.26797500000000696,0,0,0,0,0,0,0,0,0,0,0,0,0,0,0
2618,2888,0.0721350000000065,0.0721350000000065,0.0721350000000065,0.0721350000000065,0.0721350000000065,0.0721350000000065,0.0721350000000065,0.0721350000000065,0.0721350000000065,0.0721350000000065,0.0721350000000065,0.06210500000000607,0.07209000000000643,0.0820750000000059,0,0,0,0,0,0,0,0,0,0,0
2618,2891,0.11259999999999692,0.11259999999999692,0.11259999999999692,0.11259999999999692,0.11259999999999692,0.11259999999999692,0.11259999999999692,0.11259999999999692,0.11259999999999692,0.11259999999999692,0.11259999999999692,0.11259999999999692,0.11259999999999692,0.16259999999999764,0,0,0,0,0,0,0,0,0,0,0
2618,2912,-0.49687500000000284,-0.49687500000000284,-0.7461249999999637,-0.7461249999999637,-0.7461249999999637,-0.7461249999999637,-0.7461249999999637,-0.7461249999999637,-0.7461249999999637,-0.7461249999999637,-0.7461249999999637,-0.7461249999999637,-0.7461249999999637,-0.7461249999999637,-0.7461249999999637,-0.7461249999999637,-0.7461249999999637,-0.24687500000000284,-0.24687500000000284,-0.24687500000000284,-0.24687500000000284,-0.24687500000000284,-0.24687500000000284,0,0
2618,2915,0.27120000000000033,0.27120000000000033,0.27120000000000033,0.27120000000000033,0.27120000000000033,0.27120000000000033,0.27120000000000033,0.27120000000000033,0.27120000000000033,0.27120000000000033,0.27120000000000033,0.27120000000000033,0.27120000000000033,0.27120000000000033,0.27120000000000033,0,0,0,0,0,0,0,0,0,0
2618,3019,0.06302500000000322,0.06302500000000322,0.06302500000000322,0.06302500000000322,0.06302500000000322,0.06302500000000322,0.06302500000000322,0.06302500000000322,0.06302500000000322,0.06302500000000322,0.06302500000000322,0.06302500000000322,0.06302500000000322,0.06302500000000322,0,0,0,0,0,0,0,0,0,0,0
2618,3231,0.14977499999999466,0.14977499999999466,0.14977499999999466,0.14977499999999466,0.14977499999999466,0.14977499999999466,0.14977499999999466,0.14977499999999466,0.14977499999999466,0.14977499999999466,0.14977499999999466,0.14977499999999466,0.14977499999999466,0.14977499999999466,0,0,0,0,0,0,0,0,0,0,0
2618,3481,0.06904999999999895,0.06904999999999895,0.06904999999999895,0.06904999999999895,0.06904999999999895,0.06904999999999895,0.06904999999999895,0.06904999999999895,0.06904999999999895,0.06904999999999895,0.06904999999999895,0.06904999999999895,0.06904999999999895,0.16889999999999894,0,0,0,0,0,0,0,0,0,0,0
2618,3532,0.2901250000000033,0.2901250000000033,0.2901250000000033,0.2901250000000033,0.2901250000000033,0.2901250000000033,0.2901250000000033,0.2901250000000033,0.2901250000000033,0.2901250000000033,0.2901250000000033,0.2901250000000033,0.2901250000000033,0.2901250000000033,0.2901250000000033,0,0,0,0,0,0,0,0,0,0
2618,4938,0.7109749999999906,0.7109749999999906,0.7109749999999906,0.7109749999999906,0.7109749999999906,0.7109749999999906,0.7109749999999906,0.7109749999999906,0.7109749999999906,0.7109749999999906,0.7109749999999906,0.7109749999999906,0.7109749999999906,0,0,0,0,0,0,0,0,0,0,0,0
2618,5871,0.03422500000000639,0.03422500000000639,0.03422500000000639,0.03422500000000639,0.03422500000000639,0.03422500000000639,0.03422500000000639,0.03422500000000639,0.03422500000000639,0.03422500000000639,0.03422500000000639,0.03422500000000639,0.03422500000000639,0.13407500000000994,0,0,0,0,0,0,0,0,0,0,0
2618,6285,-0.08227500000000987,-0.08227500000000987,-0.08227500000000987,-0.08227500000000987,-0.08227500000000987,-0.08227500000000987,-0.08227500000000987,-0.08227500000000987,-0.08227500000000987,-0.08227500000000987,-0.08227500000000987,-0.08227500000000987,-0.08227500000000987,-0.08227500000000987,0.01757500000000789,0,0,0,0,0,0,0,0,0,0
2610,2615,-0.21819999999999595,-0.21819999999999595,-0.21819999999999595,-0.21819999999999595,-0.21819999999999595,-0.21819999999999595,-0.21819999999999595,-0.21819999999999595,-0.21819999999999595,-0.21819999999999595,-0.21819999999999595,-0.21819999999999595,-0.1681249999999892,-0.1681249999999892,-0.1681249999999892,-0.11804999999999666,-0.11804999999999666,-0.11804999999999666,-0.11804999999999666,-0.11804999999999666,-0.11804999999999666,-0.11804999999999666,-0.11804999999999666,0,0
2610,2801,-0.14480000000000004,-0.14480000000000004,-0.14480000000000004,-0.14480000000000004,-0.14480000000000004,-0.14480000000000004,-0.09479999999999578,-0.09479999999999578,-0.09479999999999578,-0.09479999999999578,-0.09479999999999578,-0.09479999999999578,-0.09479999999999578,-0.09479999999999578,-0.09479999999999578,-0.044874999999994,-0.044874999999994,-0.044874999999994,-0.044874999999994,-0.044874999999994,-0.044874999999994,-0.044874999999994,-0.044874999999994,0,0
2610,2884,0.014815000000002243,0.014815000000002243,0.01484500000000466,0.01484500000000466,0.01484500000000466,0.01484500000000466,0.01484500000000466,0.01484500000000466,0.01484500000000466,0.01484500000000466,0.01484500000000466,0,0,0,0,0,0,0,0,0,0,0,0,0,0
2610,2885,0.020860000000002543,0.020860000000002543,0.020860000000002543,0.020860000000002543,0.020860000000002543,0.020860000000002543,0.020860000000002543,0.020860000000002543,0.020860000000002543,0.020860000000002543,0.020860000000002543,0,0,0,0,0,0,0,0,0,0,0,0,0,0
2610,2888,-0.021029999999993443,-0.021029999999993443,-0.021029999999993443,-0.021029999999993443,-0.021029999999993443,-0.021029999999993443,-0.011044999999993088,-0.011044999999993088,-0.011044999999993088,-0.08098499999999476,-0.08098499999999476,-0.07099999999999529,-0.07099999999999529,0,0,0,0,0,0,0,0,0,0,0,0
2610,2891,-0.14652500000000046,-0.14652500000000046,-0.14652500000000046,-0.14652500000000046,-0.14652500000000046,-0.14652500000000046,-0.14652500000000046,-0.14652500000000046,-0.14652500000000046,-0.14644999999999442,-0.14644999999999442,-0.14644999999999442,-0.14644999999999442,-0.0965249999999962,-0.0965249999999962,-0.0965249999999962,-0.0965249999999962,-0.0965249999999962,-0.0965249999999962,-0.0965249999999962,-0.0965249999999962,-0.0965249999999962,-0.0965249999999962,0,0
2610,3019,-0.396099999999997,-0.34609999999999275,-0.34609999999999275,-0.34609999999999275,-0.34609999999999275,-0.34609999999999275,-0.34609999999999275,-0.34609999999999275,-0.34609999999999275,-0.34609999999999275,-0.34609999999999275,-0.34609999999999275,-0.34609999999999275,-0.34609999999999275,0.3539000000000101,0,0,0,0,0,0,0,0,0,0
2610,3231,-0.10934999999999562,-0.10934999999999562,-0.10934999999999562,-0.10934999999999562,-0.10934999999999562,-0.10934999999999562,-0.10934999999999562,-0.10934999999999562,-0.10934999999999562,-0.10934999999999562,-0.10934999999999562,-0.10934999999999562,0,0,0,0,0,0,0,0,0,0,0,0,0
2610,3532,0.28025000000001654,0.28025000000001654,0.28025000000001654,0.28025000000001654,0.28025000000001654,0.28025000000001654,0.28025000000001654,0.28025000000001654,0.28025000000001654,0.28025000000001654,0.28025000000001654,0.28025000000001654,0,0,0,0,0,0,0,0,0,0,0,0,0
2610,6505,0.2718500000000077,0.2718500000000077,0.2718500000000077,0.2718500000000077,0.2718500000000077,0.2718500000000077,0.2718500000000077,-0.7779999999999916,-0.7779999999999916,-0.7779999999999916,-0.7779999999999916,-0.7779999999999916,-0.7779999999999916,-0.7779999999999916,-0.7279999999999873,-0.7279999999999873,-0.7279999999999873,-0.7279999999999873,-0.7279999999999873,-0.7279999999999873,-0.7279999999999873,-0.7279999999999873,-0.7279999999999873,0,0
2615,2884,0.06522500000000164,0.06522500000000164,0.06522500000000164,0.06522500000000164,0.06522500000000164,0.06522500000000164,0.06522500000000164,0.06522500000000164,0.06522500000000164,0.06522500000000164,0.06522500000000164,0.015375000000002359,0.015375000000002359,0.015375000000002359,0.06537499999999952,0.06537499999999952,0.06537499999999952,0.06537499999999952,0.06537499999999952,0.06537499999999952,0.06537499999999952,0.06537499999999952,0.06537499999999952,0,0
2615,2885,0.1000250000000058,0.10010000000000474,0.10010000000000474,0.10010000000000474,0.10010000000000474,0.10010000000000474,0.10010000000000474,0.10010000000000474,0.10010000000000474,0.1501000000000019,0.1501000000000019,0.1501000000000019,0.1501000000000019,0.2001000000000026,0.2001000000000026,0.2001000000000026,0.2001000000000026,0,0,0,0,0,0,0,0
2615,2888,-0.433499999999988,-0.433499999999988,-0.433499999999988,-0.433499999999988,-0.433499999999988,-0.433499999999988,-0.2834999999999894,-0.2834999999999894,-0.2834999999999894,-0.2834999999999894,-0.2834999999999894,-0.2834999999999894,-0.2834999999999894,-0.2834999999999894,-0.2834999999999894,-0.1332750000000047,-0.1332750000000047,-0.1332750000000047,-0.1332750000000047,-0.1332750000000047,-0.1332750000000047,-0.1332750000000047,-0.1332750000000047,0,0
2615,2890,0.006925000000009618,0.006925000000009618,0.006925000000009618,0.006925000000009618,0.006925000000009618,0.006925000000009618,0.006925000000009618,0.006925000000009618,0.006925000000009618,0.10692500000000749,0.10692500000000749,0,0,0,0,0,0,0,0,0,0,0,0,0,0
2615,6505,-3.2586249999999666,-3.2586249999999666,-3.2586249999999666,-3.2586249999999666,-3.2586249999999666,-3.2586249999999666,-3.2586249999999666,-3.2586249999999666,-3.2586249999999666,-3.2586249999999666,-3.2586249999999666,-3.2586249999999666,-3.0086249999999666,-2.5086249999999666,-2.5086249999999666,-2.5086249999999666,-0.7616249999999525,-0.7616249999999525,-0.7616249999999525,-0.7616249999999525,-0.7616249999999525,-0.7616249999999525,-0.7616249999999525,0,0
2834,6505,0.2792000000000101,0.2792000000000101,0.2792000000000101,0.22935000000000372,0.22935000000000372,0.22935000000000372,0.279350000000008,0.279350000000008,0.279350000000008,0.32935000000000514,0.32935000000000514,-0.27132499999998316,-0.27132499999998316,-0.27132499999998316,-0.27132499999998316,-0.27132499999998316,-0.27132499999998316,-0.27132499999998316,-0.27132499999998316,-0.27132499999998316,-0.27132499999998316,-0.27132499999998316,-0.27132499999998316,0,0
2881,2884,-0.007975000000001842,-0.007975000000001842,-0.007975000000001842,-0.007975000000001842,-0.007975000000001842,-0.007975000000001842,0.04194999999999993,0.04194999999999993,0.04194999999999993,0.19187500000000313,0.19187500000000313,0.09224999999999994,0.09224999999999994,-0.008200000000002206,0.09165000000000134,0.09165000000000134,0.09165000000000134,0.09165000000000134,0.09165000000000134,0.09165000000000134,0.09165000000000134,0,0,0,0
2881,2885,0.13545000000000584,0.13545000000000584,0.13545000000000584,0.13545000000000584,0.13545000000000584,0.13545000000000584,0.13545000000000584,0.13545000000000584,0.13545000000000584,0.08567500000000194,0.08575000000000443,0,0,0,0,0,0,0,0,0,0,0,0,0,0
2881,2912,0.2605000000000075,0.2605000000000075,0.2605000000000075,0.2605000000000075,0.2605000000000075,0.2605000000000075,0.2605000000000075,0.2605000000000075,0.2605000000000075,0.2605000000000075,0.2605000000000075,0.5105000000000075,0.5105000000000075,0.5105000000000075,0.5105000000000075,0.5105000000000075,0.7605000000000075,0.7605000000000075,0.7605000000000075,0.7605000000000075,0.7605000000000075,0.7605000000000075,0.7605000000000075,0,0
2881,6505,0.5422000000000082,0.5422000000000082,0.5422000000000082,0.5422000000000082,0.5422000000000082,0.5422000000000082,0.7422000000000253,0.7422000000000253,0.7422000000000253,0.9422000000000139,0.9422000000000139,1.1422000000000025,0,0,0,0,0,0,0,0,0,0,0,0,0
2883,2885,0.01922000000000157,0.01922000000000157,0.01922000000000157,0.01922000000000157,0.01922000000000157,0.01922000000000157,0.01920500000000125,0.01920500000000125,0.01920500000000125,0.01920500000000125,0.01920500000000125,0.029190000000001604,0.029190000000001604,0.03917500000000107,0.03917500000000107,0,0,0,0,0,0,0,0,0,0
2883,3019,0.012675000000015757,0.012675000000015757,0.012675000000015757,0.012675000000015757,0.012675000000015757,0.012675000000015757,0.1131250000000108,0.1131250000000108,0.1131250000000108,0.1131250000000108,0.1131250000000108,0.21312500000001222,0.21312500000001222,0.21312500000001222,0.11305000000001542,0.11305000000001542,0.11305000000001542,0.11305000000001542,0.11305000000001542,0.11305000000001542,0.11305000000001542,0.11305000000001542,0.11305000000001542,0,0
2883,3231,-0.00012499999999349143,-0.00012499999999349143,-0.00012499999999349143,-0.00012499999999349143,-0.00012499999999349143,-0.00012499999999349143,-0.00012499999999349143,0.04980000000000828,0.04980000000000828,0.04980000000000828,0.04980000000000828,-0.10027499999999634,-0.10027499999999634,-0.10027499999999634,-0.10027499999999634,-0.10027499999999634,-0.10027499999999634,-0.10027499999999634,-0.10027499999999634,-0.10027499999999634,-0.10027499999999634,-0.10027499999999634,-0.10027499999999634,0,0
2883,4938,-0.1389249999999862,-0.1389249999999862,-0.1389249999999862,-0.1389249999999862,-0.03907499999998265,-0.03907499999998265,-0.03907499999998265,-0.03907499999998265,-0.03907499999998265,-0.03907499999998265,-0.03907499999998265,-0.837949999999978,-0.837949999999978,-0.837949999999978,-0.8880249999999776,-0.8880249999999776,-0.8880249999999776,-0.8880249999999776,-0.8880249999999776,-0.8880249999999776,-0.8880249999999776,-0.8880249999999776,-0.8880249999999776,-0.2881749999999812,-0.2881749999999812
2884,2885,0.1297750000000022,0.1297750000000022,0.1297750000000022,0.1297750000000022,0.1297750000000022,0.1297750000000022,0.1297750000000022,0.1297750000000022,0.1297750000000022,0.1297750000000022,0.1297750000000022,0,0,0,0,0,0,0,0,0,0,0,0,0,0
2884,2891,0.05747500000000372,0.05747500000000372,0.05747500000000372,0.05747500000000372,0.05747500000000372,0.05747500000000372,0.05747500000000372,0.15732500000000016,0.15732500000000016,0.15732500000000016,0.15732500000000016,0.15732500000000016,0.15732500000000016,0.15732500000000016,0.2571749999999966,0.2571749999999966,0.2571749999999966,0.2571749999999966,0.2571749999999966,0.2571749999999966,0.2571749999999966,0.2571749999999966,0.2571749999999966,0,0
2884,2912,-0.27462500000000034,-0.27462500000000034,-0.27462500000000034,-0.27462500000000034,-0.27462500000000034,-0.27462500000000034,-0.27462500000000034,-0.27462500000000034,-0.27462500000000034,-0.27462500000000034,-0.27462500000000034,-0.2753749999999826,-0.2753749999999826,0,0,0,0,0,0,0,0,0,0,0,0
2884,3019,0.13467499999999433,0.13467499999999433,0.13467499999999433,0.13467499999999433,0.13467499999999433,0.034975000000002865,0.03527500000000572,0.03527500000000572,0.03527500000000572,0.1354249999999979,0.1354249999999979,0.03587500000000432,0.03587500000000432,0.4358750000000029,0.4358750000000029,0,0,0,0,0,0,0,0,0,0
2884,3231,0.072025,0.072025,0.072025,0.072025,0.072025,0.072025,0.1221000000000032,0.1221000000000032,0.1221000000000032,0.1221000000000032,0.1221000000000032,0,0,0,0,0,0,0,0,0,0,0,0,0,0
2884,3481,0.04130000000000145,0.04130000000000145,0.04130000000000145,0.04130000000000145,0.04130000000000145,0.04130000000000145,0.04130000000000145,0.04130000000000145,0.09130000000000038,0.09130000000000038,0.09130000000000038,0,0,0,0,0,0,0,0,0,0,0,0,0,0
2884,3532,0.4608750000000015,0.4608750000000015,0.4608750000000015,0.4608750000000015,0.4608750000000015,0.4608750000000015,0.4608750000000015,-0.1374749999999949,-0.1374749999999949,0.0628250000000179,0.0628250000000179,0,0,0,0,0,0,0,0,0,0,0,0,0,0
2884,5880,0.1768250000000009,0.1768250000000009,0.1768250000000009,0.1768250000000009,0.1768250000000009,0.1768250000000009,0.1768250000000009,0.1768250000000009,0.1768250000000009,0.1768250000000009,0.1768250000000009,0.1768250000000009,0.1768250000000009,0.1768250000000009,0.1768250000000009,0,0,0,0,0,0,0,0,0,0
2884,6285,-0.010324999999994589,-0.010324999999994589,-0.010324999999994589,-0.010324999999994589,-0.010324999999994589,-0.010324999999994589,-0.010324999999994589,-0.010324999999994589,-0.010324999999994589,0,0,0,0,0,0,0,0,0,0,0,0,0,0,0,0
2884,6505,0.4533750000000083,0.4533750000000083,0.4533750000000083,0.4533750000000083,0.4533750000000083,0.4533750000000083,0.4533750000000083,0.4533750000000083,0.4533750000000083,-0.04737499999998818,-0.04737499999998818,-0.04737499999998818,-0.04737499999998818,-0.04737499999998818,-0.04737499999998818,-0.04737499999998818,-0.04737499999998818,-0.04737499999998818,-0.04737499999998818,-0.04737499999998818,-0.04737499999998818,0,0,0,0
2884,9945,0.0362000000000009,0.0362000000000009,0.0362000000000009,0.0362000000000009,0.0362000000000009,0.0362000000000009,0.0362000000000009,0.0362000000000009,0.0362000000000009,0.0362000000000009,0.0362000000000009,0.0362000000000009,0.08619999999999806,0.08619999999999806,0.08619999999999806,0.1361999999999952,0.1361999999999952,0.1361999999999952,0.1361999999999952,0.1361999999999952,0.1361999999999952,0.1361999999999952,0.1361999999999952,0,0
2888,2890,-0.030384999999998996,-0.04033999999999871,-0.020354999999999457,-0.020354999999999457,-0.020354999999999457,-0.020354999999999457,-0.020354999999999457,-0.01035499999999967,-0.01035499999999967,-0.01035499999999967,-0.01035499999999967,0,0,0,0,0,0,0,0,0,0,0,0,0,0
2888,3034,0.3222250000000173,0.2720000000000127,0,0,0,0,0,0,0,0,0,0,0,0,0,0,0,0,0,0,0,0,0,0,0
2888,5871,0.0841000000000065,0.0841000000000065,0.0841000000000065,0.0841000000000065,0.0841000000000065,0.0841000000000065,0.0841000000000065,0.13410000000001077,0.13410000000001077,0.13410000000001077,0.13410000000001077,0.13410000000001077,0.13410000000001077,0.2339500000000143,0.2339500000000143,0.2339500000000143,0.2339500000000143,0.2339500000000143,0.2339500000000143,0.2339500000000143,0.2339500000000143,0.2339500000000143,0,0,0
2888,5880,0.09477500000000205,0.09477500000000205,0.09477500000000205,0.09477500000000205,0.09477500000000205,0.09477500000000205,0.09477500000000205,0.09477500000000205,0.09477500000000205,0.09477500000000205,0.09477500000000205,0.09477500000000205,0.09477500000000205,0.19477500000000347,0.19477500000000347,0.19477500000000347,0.19477500000000347,0.19477500000000347,0.19477500000000347,0.19477500000000347,0.19477500000000347,0.19477500000000347,0.19477500000000347,0,0
2891,3019,-0.5147249999999985,-0.5147249999999985,-0.5147249999999985,-0.5147249999999985,-0.5147249999999985,-0.5147249999999985,-0.5147249999999985,-0.5147249999999985,-0.5147249999999985,-0.5147249999999985,-0.5147249999999985,-0.5147249999999985,-0.5147249999999985,-0.4147249999999971,-0.21472499999999428,-0.21472499999999428,-0.014724999999998545,-0.014724999999998545,-0.014724999999998545,-0.014724999999998545,-0.014724999999998545,-0.014724999999998545,-0.014724999999998545,0,0
2891,3231,-0.177975,-0.177975,-0.177975,-0.177975,-0.177975,-0.177975,-0.177975,-0.177975,-0.177975,-0.177975,-0.177975,-0.177975,-0.177975,-0.177975,-0.177975,-0.12797500000000284,-0.12797500000000284,-0.12797500000000284,-0.12797500000000284,-0.07797500000000213,-0.07797500000000213,-0.07797500000000213,-0.07797500000000213,0,0
2891,3702,0.043924999999987335,0.043924999999987335,0.043924999999987335,0.043924999999987335,0.043924999999987335,0.043924999999987335,0.043924999999987335,0.043924999999987335,0.043924999999987335,0.043924999999987335,0.043924999999987335,-0.1559999999999988,-0.1559999999999988,-0.1559999999999988,-0.1559999999999988,-0.1559999999999988,-0.1559999999999988,0,0,0,0,0,0,0,0
2891,5871,-0.2435249999999911,-0.2435249999999911,-0.2435249999999911,-0.2435249999999911,-0.2435249999999911,-0.2435249999999911,-0.2435249999999911,-0.2435249999999911,-0.2435249999999911,-0.2435249999999911,-0.2435249999999911,-0.2435249999999911,-0.2435249999999911,-0.2435249999999911,-0.2435249999999911,-0.2435249999999911,-0.2435249999999911,-0.1435249999999968,-0.1435249999999968,-0.1435249999999968,-0.1435249999999968,-0.1435249999999968,-0.1435249999999968,0,0
2891,5880,0.1592250000000064,0.1592250000000064,0.1592250000000064,0.1592250000000064,0.1592250000000064,0.1592250000000064,0.1592250000000064,0.1592250000000064,0.1592250000000064,0.1592250000000064,0.1592250000000064,0.1592250000000064,0.1592250000000064,0.15959999999999752,0.15959999999999752,0,0,0,0,0,0,0,0,0,0
2891,9945,0.1784250000000327,0.1784250000000327,0.1784250000000327,0.1784250000000327,0.1784250000000327,0.1784250000000327,0.1784250000000327,0.1784250000000327,0.1784250000000327,0.1784250000000327,0.1784250000000327,0.1784250000000327,0.1784250000000327,0.3781250000000256,0.3781250000000256,0.3781250000000256,0.3781250000000256,0.3781250000000256,0.3781250000000256,0.3781250000000256,0.3781250000000256,0.3781250000000256,0.3781250000000256,0,0
2885,2888,0.10793500000000478,0.10793500000000478,0.10793500000000478,0.10793500000000478,0.10793500000000478,0.10793500000000478,0.10805500000000379,0.10811500000000507,0.10811500000000507,0.10811500000000507,0.10811500000000507,0,0,0,0,0,0,0,0,0,0,0,0,0,0
2885,2890,0.02131000000000327,0.02131000000000327,0.02131000000000327,0.02131000000000327,0.02131000000000327,0.02131000000000327,0.02131000000000327,0.02131000000000327,0.02131000000000327,0.02131000000000327,0.02131000000000327,0.051265000000004335,0.051265000000004335,0.051265000000004335,0,0,0,0,0,0,0,0,0,0,0
2885,2891,0.06607500000000854,0.06607500000000854,0.06607500000000854,0.06607500000000854,0.06607500000000854,0.06607500000000854,0.06607500000000854,0.06607500000000854,0.06607500000000854,0.06607500000000854,0.06607500000000854,0.11600000000000676,0.11600000000000676,0.11600000000000676,0.11600000000000676,0.16592500000000499,0.16592500000000499,0.16592500000000499,0.16592500000000499,0.16592500000000499,0.16592500000000499,0.16592500000000499,0.16592500000000499,0,0
2885,2915,0.08710000000000662,0.08710000000000662,0.08710000000000662,0.08710000000000662,0.1873250000000084,0.1873250000000084,0.08695000000000164,0,0,0,0,0,0,0,0,0,0,0,0,0,0,0,0,0,0
2885,3019,-0.021674999999987676,-0.021674999999987676,-0.021674999999987676,-0.021674999999987676,-0.021674999999987676,-0.021674999999987676,-0.020624999999995453,0.17952500000000526,0.17952500000000526,0.17952500000000526,0.17952500000000526,0,0,0,0,0,0,0,0,0,0,0,0,0,0
2885,3034,0.4878750000000096,0.4878750000000096,0.4878750000000096,0.4878750000000096,0.4878750000000096,0.4878750000000096,0.4878750000000096,0.4878750000000096,0.4878750000000096,0.4878750000000096,0,0,0,0,0,0,0,0,0,0,0,0,0,0,0
2885,3231,0.11552500000000165,0.11552500000000165,0.11552500000000165,0.11552500000000165,0.11552500000000165,0.11552500000000165,0.16545000000000343,0.16545000000000343,0,0,0,0,0,0,0,0,0,0,0,0,0,0,0,0,0
2885,3532,-0.4948749999999862,-0.4948749999999862,-0.4948749999999862,-0.4948749999999862,-0.4948749999999862,-0.4948749999999862,1.0036250000000067,1.0036250000000067,0,0,0,0,0,0,0,0,0,0,0,0,0,0,0,0,0
2885,3702,0.11882500000000107,0.11882500000000107,0.11882500000000107,0.11882500000000107,0.11882500000000107,0.11882500000000107,0.11882500000000107,0.11882500000000107,0.11882500000000107,0.11882500000000107,0.11882500000000107,0.11882500000000107,0.11882500000000107,0,0,0,0,0,0,0,0,0,0,0,0
2885,5880,0.0655750000000026,0.0655750000000026,0.0655750000000026,0.0655750000000026,0.0655750000000026,0.0655750000000026,0.0655750000000026,0.0655750000000026,0.0655750000000026,0.0655750000000026,0.0655750000000026,0.20674999999999955,0.20674999999999955,0.20674999999999955,0.20674999999999955,0.20674999999999955,0.20674999999999955,0.20674999999999955,0.20674999999999955,0.20674999999999955,0.20674999999999955,0.20674999999999955,0.20674999999999955,0,0
2885,6176,0.1651250000000033,0.1651250000000033,0.1651250000000033,0.1651250000000033,0.1651250000000033,0.1651250000000033,0.1651250000000033,0.1651250000000033,0.0655750000000026,0.0655750000000026,0.0655750000000026,0.16557500000000402,0.16557500000000402,0.16557500000000402,-0.38382499999999453,-0.38382499999999453,-0.38382499999999453,-0.38382499999999453,-0.38382499999999453,-0.38382499999999453,-0.38382499999999453,-0.2838249999999931,-0.2838249999999931,0,0
2885,6505,-0.0023749999999935767,-0.0023749999999935767,-0.0023749999999935767,-0.0023749999999935767,-0.0023749999999935767,-0.0023749999999935767,-0.0023749999999935767,-0.0023749999999935767,-0.0023749999999935767,-0.0023749999999935767,-0.0023749999999935767,0.49687500000000995,0.49687500000000995,0.49687500000000995,0.49687500000000995,0.49687500000000995,0.49687500000000995,0.49687500000000995,0.49687500000000995,0.49687500000000995,0.49687500000000995,0.49687500000000995,0.49687500000000995,0,0
2912,6505,1.8187500000000796,1.8187500000000796,1.8187500000000796,1.8187500000000796,-1.1857499999999277,-1.1857499999999277,-1.1857499999999277,-1.1857499999999277,-1.1857499999999277,-1.1857499999999277,-1.1857499999999277,-1.1857499999999277,-1.1857499999999277,-1.1857499999999277,0,0,0,0,0,0,0,0,0,0,0
2915,3034,0.6521250000000407,0.6521250000000407,0.6521250000000407,0.6521250000000407,0.6521250000000407,0.6521250000000407,0.6521250000000407,0.6521250000000407,0.6521250000000407,0.6521250000000407,0.6521250000000407,0.6521250000000407,0.6521250000000407,0.6521250000000407,0.9021250000000407,0.9021250000000407,1.4021250000000407,1.4021250000000407,1.4021250000000407,1.4021250000000407,1.4021250000000407,1.4021250000000407,1.4021250000000407,0,0
3019,3034,1.127800000000093,1.127800000000093,1.1282500000000653,1.1282500000000653,1.1282500000000653,1.1282500000000653,2.3287000000000546,2.3287000000000546,2.3287000000000546,2.3287000000000546,2.3287000000000546,2.3287000000000546,2.3287000000000546,2.3287000000000546,2.628700000000066,3.2287000000000887,3.2287000000000887,3.2287000000000887,3.2287000000000887,3.2287000000000887,3.2287000000000887,3.2287000000000887,3.2287000000000887,0,0
3019,3231,0.29247499999999604,0.29247499999999604,0.34375,0.34375,0.34375,0.34375,0.34375,0.34375,0.444500000000005,0.444500000000005,0.444500000000005,0.6445000000000078,0.6445000000000078,0.6445000000000078,0.8445000000000107,0.8445000000000107,0.8445000000000107,0.8445000000000107,0.8445000000000107,0.8445000000000107,0.8445000000000107,1.444500000000005,1.444500000000005,0,0
3019,3481,0.13785000000001446,0.13785000000001446,0.13785000000001446,0.13785000000001446,0.13785000000001446,0.13785000000001446,0.13785000000001446,0.13785000000001446,0.13785000000001446,0.13785000000001446,0.2377000000000038,0.2377000000000038,0.2377000000000038,0.2377000000000038,0.3378500000000102,0.3378500000000102,0.3378500000000102,0.3378500000000102,0.3378500000000102,0.43769999999999953,0.43769999999999953,0.43769999999999953,0.43769999999999953,0,0
3034,3231,0.6927250000000242,0.6927250000000242,0.6927250000000242,0.6927250000000242,0.6927250000000242,0.6927250000000242,0.693175000000025,0.693175000000025,0.693175000000025,0.693175000000025,0.693175000000025,0.6934000000000253,0.6934000000000253,0,0,0,0,0,0,0,0,0,0,0,0
3034,3532,1.4101500000000868,1.4101500000000868,1.4101500000000868,1.4101500000000868,1.4101500000000868,1.4101500000000868,1.4101500000000868,1.4101500000000868,1.4101500000000868,1.4101500000000868,1.4101500000000868,1.4101500000000868,1.4101500000000868,1.6101500000000897,0,0,0,0,0,0,0,0,0,0,0
3034,4938,0.9410000000000309,0.9410000000000309,0.9410000000000309,0.9410000000000309,0.9410000000000309,0.9410000000000309,0.9414500000000317,0.9414500000000317,0.9414500000000317,-0.2562999999998965,-0.2562999999998965,0.043700000000058026,0.043700000000058026,0.34370000000012624,0.6437000000000808,0.6437000000000808,0.9437000000000353,0.9437000000000353,0.9437000000000353,0.9437000000000353,0.9437000000000353,0.9437000000000353,0,0,0
3231,6176,0.1473500000000243,0.1473500000000243,0.1473500000000243,0.1473500000000243,0.1473500000000243,0.1473500000000243,0.1473500000000243,-1.6496500000000154,-1.6496500000000154,-1.6496500000000154,-1.6496500000000154,-1.4495000000000076,-1.4495000000000076,-1.4495000000000076,-1.1494999999999962,-1.1494999999999962,-1.1494999999999962,-1.1494999999999962,-1.1494999999999962,-1.1494999999999962,-1.1494999999999962,-1.1494999999999962,-1.1494999999999962,0,0
3231,6505,-2.0576999999999757,-2.0576999999999757,-2.0576999999999757,-2.0576999999999757,-2.0576999999999757,-2.0576999999999757,-2.0576999999999757,-2.0576999999999757,-2.0576999999999757,-2.0576999999999757,-2.0576999999999757,-2.0576999999999757,-2.0576999999999757,-1.9576999999999813,-1.7576999999999785,-0.35994999999998356,-0.35994999999998356,-0.35994999999998356,-0.35994999999998356,-0.35994999999998356,-0.35994999999998356,-0.35994999999998356,-0.35994999999998356,0,0
3532,6505,-4.4449999999999505,-4.4449999999999505,-4.4449999999999505,-4.4449999999999505,-4.4449999999999505,-4.4449999999999505,-4.4449999999999505,-4.4449999999999505,-4.4449999999999505,-4.4449999999999505,-4.4449999999999505,-3.4449999999999505,-2.6449999999999534,-1.4487499999999187,-1.4487499999999187,-1.4487499999999187,-1.4487499999999187,-1.4487499999999187,-1.4487499999999187,-1.4487499999999187,-1.4487499999999187,-1.4487499999999187,-1.4487499999999187,0,0
6176,6505,-2.0383999999999816,-2.0383999999999816,-2.0383999999999816,-2.0383999999999816,-2.0383999999999816,-2.0383999999999816,-2.0383999999999816,-2.0383999999999816,-2.0383999999999816,-2.0383999999999816,-2.0383999999999816,-2.0383999999999816,-2.0383999999999816,-2.0383999999999816,-1.8383999999999787,-1.8383999999999787,-1.8383999999999787,-1.8383999999999787,-1.8383999999999787,-1.8383999999999787,-1.8383999999999787,-1.63839999999999,-1.63839999999999,0,0
5880,6505,0.22812500000000568,0.22812500000000568,0.4781250000000057,0.4781250000000057,0.4781250000000057,0.4781250000000057,0.4781250000000057,0.4781250000000057,0.4781250000000057,0.4781250000000057,0.4781250000000057,0.4781250000000057,0.4781250000000057,0.4781250000000057,0.4781250000000057,0.4781250000000057,0.4781250000000057,0.4781250000000057,0.4781250000000057,0.4781250000000057,0.4781250000000057,0.4781250000000057,-0.27224999999998545,0,0
