stock1,stock2,model_type,w1,w2,pval,snr,mu,stdev,skewness,Emu,Estd,action
1536,2324,model3,-0.3016016905701767,0.6983983094298233,0.6011534801380437,0.6479186583310961,1.041752478271078,0.0010104975662161009,-0.397196997053164,1.0417251865986834,0.0010165300971324092,5
1536,2352,model3,-0.22883308115542397,0.7711669188445759,0.3490765081001555,1.014365505775093,0.9007418824851192,0.0017778858700674876,-0.13206021128458065,0.9007670707199616,0.001774415486361594,0
1536,2915,model3,-0.12228509088700434,0.8777149091129957,0.500013341686089,0.7824226500571212,3.3266684140682594,0.0007981204986511874,-0.10659160190189793,3.326646812664435,0.0008192557633975303,20
1536,3231,model3,-0.2699355404659222,0.7300644595340777,0.5716305612276201,0.6683692617575983,1.3583393227827978,0.0010513536125163658,0.09233671389353866,1.358283024183286,0.0010781245306100572,16
1536,9945,model3,-0.22957818757975554,0.7704218124202443,0.3973636908867967,1.240601622128651,2.1611008718229496,0.0009032768355523408,-0.11845755232670532,2.1610988132917153,0.0009069629110136908,0
1504,2337,model3,-0.4914347153011249,0.5085652846988751,0.2251590202576124,0.3274209081634484,-0.7207388085782619,0.0007634770550061072,1.2899342391700943,-0.7208444707012005,0.0007266248692534185,24
1504,2352,model3,-0.3423504121024869,0.6576495878975129,0.2479948116975039,0.6411658790077208,0.3374939005390177,0.0017152690008776493,-0.16054807342131994,0.337528176554704,0.0017106316178977679,24
1504,2357,model3,-0.3437638540677949,0.6562361459322051,0.2408103768279186,2.8222625720994903,2.5860306012731558,0.000634351718811795,0.07541684004949734,2.5860091691052647,0.0006299587952671709,24
1504,2385,model3,-0.5356777393095613,0.4643222606904388,0.12449389909789367,0.2992173316483952,0.1464114991261672,0.0007109212191473303,0.6873195481910401,0.14627507864664846,0.0005889257085144963,24
1504,2881,model3,-0.2074672028068829,0.7925327971931171,0.22157784777621814,3.361232164004471,2.254123359314348,0.00035226006830510497,0.14261753208477154,2.254118034040078,0.00035198998845628555,24
1402,2385,model3,0.5958122567114099,0.40418774328859003,0.011405326829724964,0.40398764883258215,3.825085566289283,0.0007077411656402961,0.1792822685664677,3.8249393184962788,0.0006342311251007306,13
1402,2603,model3,0.49125660922109604,0.508743390778904,0.1095684523629486,1.061450030203488,3.127313762518541,0.0008479997387279297,-0.3454847824660722,3.1273373304734697,0.0008459952238007186,16
1402,2888,model3,0.3874554407727841,0.6125445592272161,0.12246401478012064,1.0391919862499972,2.695099538370757,0.00045771457549100773,-0.02060273056651576,2.6950723677659463,0.00046120969136843903,19
1326,1504,model3,0.8108456864783227,0.1891543135216773,0.3039961650577986,1.6001977758275459,4.145613238138634,0.0005477003401897295,0.017600618738979747,4.145601050075598,0.0005484482416644721,24
1326,2313,model3,-0.8778717123111671,-0.12212828768883298,0.22272605858492145,0.6212112304443334,-4.133725492263091,0.0007485182990915814,0.5113991268037648,-4.133720010200862,0.0007533916014890599,24
1326,2337,model3,-0.8421496902993441,-0.15785030970065608,0.08067620419905862,0.859285698284437,-3.927282787405297,0.0006320803379853957,0.3075724530842132,-3.927269273512826,0.0006314117314241343,0
1326,2345,model2,0.6357674319705385,-0.3642325680294615,0.001,0.5141684264011804,1.652630351779171,0.0008433178556949295,-0.3923010816347254,1.6527090462819656,0.0008322260673975778,24
1326,2352,model1,-0.3534770691139944,0.6465229308860055,0.8965714111216447,0.37985469335425104,9.13411305644211e-05,0.001991890695039496,-0.168033966552529,4.440892098500626e-16,0.0020238171651478084,24
1326,2357,model3,0.6829692307880761,0.3170307692119238,0.058083478483740035,1.7029655531816184,4.764914316360466,0.0005369410589113583,-0.06668795676695154,4.764893410091215,0.0005307746846571014,4
1326,2379,model3,-0.8965848105905072,-0.10341518940949286,0.4511601485440809,0.9247203818200272,-4.32038443540765,0.0006718125598240603,0.3398458013921846,-4.320380244887948,0.0006742083085670263,0
1326,2385,model3,0.8302386684870182,0.1697613315129818,0.014160824584827118,1.111139947907972,4.305939716161491,0.0005883399866531276,0.059721320045886636,4.305900863591049,0.0005647530437418922,0
1326,2409,model3,-0.8709616651126142,0.12903833488738575,0.10251294594296878,0.7596255221101823,-3.4213016750363447,0.0007157337776389378,-0.17846590926433478,-3.4213651114141004,0.0007188987306963403,24
1326,2603,model3,0.7841089812427059,0.21589101875729413,0.10066191505450188,1.231828444485052,3.9726634689429328,0.0006847254317511956,0.16680097074795866,3.972667284759857,0.0006895377361920994,24
1326,2606,model1,-0.4773044084220835,0.5226955915779166,0.9118598838907608,1.3737130634681225,4.355245256320473e-05,0.000782019442089866,-0.5411345571337589,3.26405569239796e-13,0.0007833467245294211,18
1326,2615,model1,-0.38916250386952345,0.6108374961304766,0.8458817600508047,0.5880089012839559,0.00010044797029994759,0.0012900603108917275,-0.4279727540813054,2.6645352591003757e-15,0.0012291793412590633,14
1326,2801,model3,0.7673187096455147,0.23268129035448534,0.32111958139296715,2.3505433054502367,3.968101776815519,0.0005472339790206179,-0.019417582029144537,3.968096990788314,0.0005522673641650726,8
1326,2823,model3,-0.8242389300664761,-0.17576106993352386,0.007195890694144774,0.4650321247307119,-4.119588587654501,0.0007670894782066574,0.46029763046471,-4.119620304393639,0.0007808889664423851,24
1326,2881,model3,0.5341714999949744,0.4658285000050256,0.23565298337996102,1.7637672438185077,4.046574485797155,0.0004333328943696693,-0.026921502206546242,4.046563401273343,0.00043397632240022146,0
1326,2883,model3,0.7425462041637112,0.2574537958362889,0.2736499734790792,0.9196742825540216,3.7592873317950644,0.000547239140679695,-0.028195533275430944,3.7592694846348875,0.000547729253061247,0
1326,2887,model3,0.6401858075560809,0.3598141924439192,0.0024206657380625354,0.5763227557882389,3.7321259282875623,0.0007764002498997596,0.02899660167334795,3.732050500322461,0.0007282078871887707,24
1326,2888,model3,0.7018599988202595,0.29814000117974043,0.17091682366241034,1.085967077336647,3.672982343242202,0.0005285007121707682,-0.2897662752546544,3.672968171879505,0.0005288826705513538,0
1326,3045,model3,-0.6882163978308017,0.3117836021691984,0.04210846762807376,0.3854662762668113,-1.521594576227149,0.000670265162800521,0.2983090619220044,-1.5216557040536771,0.0006495007718704563,24
1326,3189,model3,0.9622154062753028,0.037784593724697335,0.556744036466276,1.5316288320486646,4.312929944608602,0.0006227388647750418,-0.37296944108524255,4.312931179326223,0.0006247315977412896,24
1326,3231,model3,-0.8128687249669382,-0.18713127503306187,0.2347246963526526,0.7173314832608534,-4.111118878855263,0.0006483247135693479,0.17591652946082936,-4.111109355186139,0.0006527337352747074,5
1326,3702,model2,0.7463082561889328,-0.2536917438110671,0.001,0.9815742993223292,2.2528529792571743,0.0005443744294997597,0.33203114697780295,2.2528802942142696,0.0005534513204395673,24
1326,5522,model3,-0.9914231112382352,-0.008576888761764536,0.030640826618134262,0.3707655276711567,-4.286396981800373,0.0009287300322883523,0.2368640906188637,-4.286487946378895,0.0009368102078986408,24
1326,5871,model3,-0.8454900486701952,-0.1545099513298048,0.3484933257388256,0.8200961370733199,-4.295774496782268,0.0006232200292006994,0.29110569771040445,-4.295773366973367,0.0006271738342870323,10
1326,9945,model3,-0.7671472347009258,-0.2328527652990741,0.1729064468460364,0.7089582936910587,-4.220702736673987,0.0006519285536246224,0.128490690793921,-4.2206966986848204,0.000657463815641291,5
1314,2324,model3,-0.3127566233187624,0.6872433766812376,0.6586003858635253,0.4129221198172695,1.4055846858216836,0.0011925362513454884,0.2498842925753795,1.4055492238392715,0.0011939964358466725,9
1314,2352,model3,-0.1983379574713447,0.8016620425286552,0.3754979407151085,0.6714330720827034,1.3748832672014923,0.002056496532167254,-0.18068573528807835,1.3748970553312003,0.0020597258511355714,11
1314,2385,model3,-0.3422339025128723,0.6577660974871278,0.3909158928789822,0.11762151706103165,2.0064092623968883,0.0016910244283519726,0.6938002272631848,2.0060083710993606,0.001317223698313644,0
1314,2615,model3,0.19305992162819705,0.806940078371803,0.5691169973567642,0.5488180754916584,2.69884418593775,0.0017235345927140973,-0.05938163900389365,2.6985823435724203,0.001580829325431184,10
1314,2915,model3,-0.13007471477974208,0.8699252852202578,0.6084786065588292,0.7326421247974106,3.4465183784495967,0.0008363737814940703,0.3846001031809157,3.446497037233324,0.0008544730383258379,20
1314,3231,model3,-0.2851285712842438,0.7148714287157563,0.8891117496031758,0.7366909854279935,1.6521182041203106,0.0011424508705230535,0.3374434776193904,1.6520741874079998,0.001155506533229893,10
1314,6239,model3,-0.19529753316934045,0.8047024668306595,0.4541681247708825,0.3629250682549317,2.727947409042488,0.0011221352726806394,0.17547484596519874,2.727941888920991,0.001126326091000548,18
1314,9945,model3,-0.2315328053868991,0.7684671946131009,0.496738161239465,0.7260605603440767,2.4741569716990504,0.0010033008132932404,-0.15541778316672206,2.474151039149696,0.0010075373169005552,8
1802,2352,model3,-0.373461764740018,0.6265382352599821,0.016803330718440163,0.5078362737453208,0.2593637521292161,0.0017248368640351169,-0.10630804772985436,0.25937402354421346,0.0017284201307617099,24
1802,3231,model3,-0.5472826666958549,0.45271733330414504,0.47268585777667105,1.1280400922084757,-0.267197251568237,0.0007876478670097511,-0.2899645265425801,-0.2672011794789313,0.0007904081016556787,24
1723,2881,model3,-0.07016556630482013,0.92983443369518,0.7408683717024122,0.6254404596424529,3.13039923635418,0.0005600790693508323,1.0818705496055865,3.1303253308555647,0.0004961343022158041,13
2049,2308,model3,-0.6928086041822045,0.30719139581779553,0.008834399606543154,0.12554116954064967,-2.375923038592362,0.0016447509506496165,0.34004889921245074,-2.3753735382085237,0.0016048630670829668,10
2049,2324,model3,-0.7173152739145916,0.2826847260854084,0.5667573566453804,0.3322427490039019,-3.2337922566644735,0.0012094336808910818,0.10359634692505043,-3.2336731864079784,0.0012206086516462294,18
2049,2345,model3,0.2355744646916105,0.7644255353083895,0.022048860472682414,0.4931550311097042,3.6170661071340513,0.0013648394270661425,-0.06687839896668843,3.6169016365767908,0.0013409032851546356,11
2049,2887,model3,0.2616987128044824,0.7383012871955176,0.045696722397319714,0.2634575392549538,3.531470923041408,0.0016295899064669016,0.9265665552414496,3.5310497018885947,0.0013633628942278648,24
2049,3045,model3,0.2591687108673341,0.7408312891326657,0.3896730573009268,0.8333760154402643,4.897739870591541,0.0005211683119142464,0.8547975259176729,4.897681732822291,0.0004511422627577218,24
2049,3682,model3,-0.3811112115141209,0.618888788485879,0.016023408303423047,0.2662666865275196,-0.4466254180561964,0.0013910496432472804,0.7722046970814229,-0.4467694004936009,0.0013415653193115519,0
2049,5522,model3,0.281975843251056,0.718024156748944,0.29781716607584113,0.3790156580272789,4.304241925930919,0.0007726638013404819,0.9991733688944536,4.304208495549531,0.0007237974250387627,24
2049,6239,model3,-0.4778574072266216,0.5221425927733784,0.09544517633779848,0.2802220365786713,-0.6646956950886207,0.0010784035077943056,0.9874344237464244,-0.6646641152606758,0.0010816738499767084,17
2308,2492,model3,0.6197454417643743,0.3802545582356257,0.04937795118176103,0.38484373936724586,4.229909209221297,0.0018931731520130941,-0.2025953188866516,4.229958309849439,0.0018552997814875313,3
2308,6239,model3,0.3451129557437858,0.6548870442562141,0.012495469059766158,0.31170419501986474,4.44876400221762,0.0011438748237514302,0.31957185472590205,4.448728061830319,0.0011726935697067696,16
2311,2352,model1,-0.3915006214435703,0.6084993785564298,0.9358229721115024,1.5398138625670847,4.6259375235893076e-05,0.0014572578070771393,0.014846572409689776,6.59472476627343e-14,0.0014684496083069627,24
2313,2606,model3,0.021585794625392576,0.9784142053746074,0.19269415416092914,0.8839253199880046,3.8988630872260654,0.0015022953854976872,-0.6758887806748006,3.898800330219231,0.0015113989032260137,5
2313,2615,model3,0.2531306228292838,0.7468693771707161,0.10857844303373093,0.3839442086117214,2.8018002789711645,0.0018119394259961707,-0.31177322563690146,2.8014993569753717,0.0016458785573526427,0
2313,2887,model3,-0.2703132032072463,0.7296867967927538,0.13362772155693164,0.8104115441192086,1.1860524629272695,0.001070190125746033,0.3931771778527015,1.1859720514322891,0.0009968568196212218,15
2324,2352,model3,-0.3557955540327508,0.6442044459672492,0.1575992723662682,0.7062955510832367,0.3706731901097398,0.0016670544451936836,-0.05680409920797151,0.37069706936199087,0.0016655842112109614,13
2324,2887,model3,-0.2592456305075728,0.7407543694924271,0.5478397314074434,0.3338161444215201,1.1964645315755804,0.0014059234509854876,0.5845971017375371,1.1962885369967324,0.0012511883912158686,11
2324,2915,model3,-0.25060510140964354,0.7493948985903565,0.27884892651188264,0.7965745820738199,2.4513539743395136,0.0006518471010513195,-0.2271167878815159,2.4513484506560346,0.0006586718880691,21
2324,3231,model3,-0.4592410675909013,0.5407589324090987,0.5763443587285839,2.091792044563406,0.3275334102444449,0.0007020702563900463,0.46033505301570793,0.3275255335455951,0.0007070095679563416,20
2324,6239,model3,-0.3635533904775023,0.6364466095224978,0.4009790364496332,0.5052737890088934,1.3859691658250215,0.0008694056453920777,-0.026425545013436583,1.3859843979822375,0.0008703501280760937,21
2324,9945,model3,-0.4111231583307674,0.5888768416692327,0.3062136566369565,1.2153765987720575,1.03041539168285,0.0007749821815367403,0.06063960175817936,1.030424894718196,0.0007753470308416087,13
2337,2352,model3,-0.28207792476328314,0.7179220752367168,0.0787671863346654,0.5175023725017273,1.1243753340364215,0.0019530036292136484,-0.017139349028442826,1.124400481009512,0.0019478748634654736,15
2337,2357,model3,-0.3381970031696769,0.661802996830323,0.08326776475131252,2.182496875026873,3.1572482204111783,0.0006966469738026375,-0.3475633407209707,3.1572486244601636,0.0007011210401929812,12
2337,2371,model3,-0.34195382006927105,0.6580461799307289,0.0948292473404362,1.018154043721318,0.8219919598983159,0.0005524477910208185,-0.12638913753054815,0.8220036424254556,0.0005535332643295615,13
2337,2385,model3,-0.6097907260305071,0.390209273969493,0.009819955278237194,0.3302603722457896,0.497497399461259,0.0008352894131834707,-0.4987756673765701,0.49758988954573047,0.0008483522365219224,24
2337,2883,model3,-0.37434118055220417,0.6256588194477958,0.180183635252762,0.7257994405288887,0.6488444690437071,0.0004949414948810994,-0.309122676262418,0.6488713760688357,0.00048548132101416773,5
2337,2915,model3,-0.22476454958482345,0.7752354504151765,0.11013065333274318,0.8238859215379928,2.9208432574551915,0.0006540423585874554,-0.4714886128616282,2.920846252382089,0.0006523384920397695,21
2337,3231,model3,-0.428340629149959,0.5716593708500409,0.3448482618414501,0.4856533770253843,1.0524028030656212,0.0008949294462828279,-0.7083588387471421,1.0524084554491027,0.0008929454143284938,15
2337,3481,model3,-0.4995868484448507,0.5004131515551492,0.5021363382354141,0.7378828399481967,0.25984940508123744,0.0010408602921155483,-0.4814917575259252,0.2599632266923575,0.0009434174498714653,5
2337,3682,model3,-0.3823066708734892,0.6176933291265108,0.0807669033449038,4.381362601073712,0.990580007885832,0.0007158669484742048,0.3145166385660522,0.9905698650540441,0.0007143756737563603,13
2337,6285,model3,-0.5922723304544787,0.4077276695455213,0.5171687065043046,0.34071467358087554,0.5706539909606352,0.0008914471660500319,-1.2762155407012972,0.5707435068919964,0.000815440267397385,0
2344,2385,model1,-0.6383083315697153,0.3616916684302847,0.9381584828252948,0.08902792401697965,-0.004247296257196889,0.003354758167277222,-0.02135472091646523,-0.0002425892900868032,0.003756619931780894,14
2344,2883,model3,-0.20991527414278333,0.7900847258572167,0.3319008682656551,0.8990873416142173,1.235859898189794,0.0006681432387707084,0.17020281172672647,1.2359031878657532,0.0006700675038755975,12
2344,3481,model3,-0.3089656655695305,0.6910343344304696,0.6500015140969151,0.8466120701585946,0.9601748214750296,0.001464251796201749,0.01168257792607809,0.9603416583323646,0.0013672239999379097,5
2353,2915,model3,-0.20511471775340065,0.7948852822465993,0.33136873575269826,0.9355125361600494,2.8126433435874856,0.0007201812493169888,0.4627427194133948,2.8125585800954473,0.0006568628625098464,17
2345,2352,model2,0.5886932858222365,0.4113067141777635,0.001,0.6747101306009738,2.703486559887985,0.0014914905805054795,-0.12413344380235593,2.703403687358071,0.0015051215732147548,11
2345,2385,model3,-0.7747977493301087,-0.2252022506698912,0.035597655130810764,0.2614256428024105,-3.2739178848684847,0.0016389698239155604,-0.8280563456848237,-3.273543427350618,0.0014826695851336835,13
2345,2492,model3,-0.7878836353394537,0.2121163646605463,0.09973338636724463,1.092850239505004,-1.7934096936720059,0.001208040898804998,0.23972139334156603,-1.7933998624332925,0.0012105553102339506,0
2345,2603,model3,-0.797575308493542,-0.2024246915064581,0.03548004778713683,0.4059677758181767,-2.9252271874427085,0.001512764353057307,-0.3195060945424059,-2.9250765458540404,0.0014861863429419281,11
2345,2606,model1,-0.5702643918148482,0.42973560818515183,0.8055592615708929,0.9387978382583833,-2.5591786013345146e-05,0.0010650592824849904,-0.3609300972408699,-7.72715225139109e-14,0.001066077128607557,4
2345,2615,model1,-0.4807527866830874,0.5192472133169126,0.7615170145681263,0.6005594497429977,-1.22357913405254e-05,0.0013419370102905725,-0.7048593957554083,9.14823772291129e-14,0.0013430639474773486,14
2345,2823,model3,-0.4876508483808892,0.5123491516191109,0.005443505465814864,1.2536371513121627,0.2582196773292824,0.0007654209791883903,-0.029696251529443576,0.25818841189592523,0.0007505420946612725,11
2345,2887,model3,-0.4720346585606288,0.5279653414393712,0.0026269412079728965,0.5339443545773156,0.05129657820827694,0.0011281995090986956,0.050680938541955566,0.051167283723054124,0.0010642880321612511,24
2345,3045,model3,-0.617143773142031,0.38285622685796905,0.03357925798917237,0.4770330334838302,-0.06438738808832753,0.0010595517541789356,0.15207350052147886,-0.06431294343927219,0.00107211827894605,24
2345,3702,model3,-0.9170925453900696,-0.08290745460993056,0.08407664712567567,0.4110598561034097,-3.0185841839827185,0.0016551349748891381,0.4469128143913756,-3.018465130177137,0.0016430211161614669,8
2345,5522,model3,-0.5945312533741961,0.4054687466258042,0.03380111664281105,0.4992732050296562,-0.2441198529919563,0.0010556762996754812,0.3085982049317902,-0.24403506579906753,0.0010979442404013848,24
2345,9938,model1,-0.5594518150639556,0.4405481849360444,0.8369726902344597,0.40549844858710815,-6.626543626168324e-05,0.0012791178827330414,-0.10621652179920904,-7.72715225139109e-14,0.0012752681213890006,16
2352,2385,model3,-0.6596708745435572,0.34032912545644284,0.011305308777041044,0.3913978540217989,-0.057868856006010126,0.0019980000514258963,0.1416715897822402,-0.058015617667080965,0.0019143390623693338,24
2352,2409,model3,-0.9099817835008586,0.09001821649914149,0.09169780450092747,0.4281314441414773,-1.9145184946326623,0.0026678621282012933,0.1322720684592744,-1.9143877726412417,0.002723783824880799,11
2352,2603,model3,-0.9954647731565056,0.004535226843494224,0.03791536978365612,0.4316290513842394,-2.3228977780922904,0.0029025718581198274,0.10372634788150424,-2.3227332980888225,0.0029727418047781544,17
2352,2615,model2,-0.9319252307139164,-0.0680747692860836,0.001,0.43502554118615344,-2.372706662101414,0.002694859235915636,0.09179158332358213,-2.3726042438478205,0.00275160077140297,8
2352,2882,model3,-0.5588851669906189,-0.4411148330093811,0.09276869599611616,0.4686784291822695,-3.0081071399471915,0.001636566366867106,-0.008024625507289206,-3.008002266269742,0.0016645327874497435,17
2352,2888,model3,-0.5172804238952394,0.4827195761047606,0.14209734172910035,0.597552331072287,-0.14324396994519076,0.0014261263090267426,-0.07928132732037013,-0.1432696890434293,0.0014237346370352647,15
2352,2915,model3,-0.4183355514314969,0.5816644485685031,0.01167763346336103,0.6205035971955329,1.5448391160693784,0.001231001578091691,0.2492474768320977,1.5448244746776898,0.0012364092376111024,24
2352,3045,model3,-0.29280788045208705,-0.707192119547913,0.07781120387120892,0.5486468615081138,-3.9344186282502216,0.0009068832176625069,0.2373709963700257,-3.9343717709629025,0.0008946543031905769,13
2352,3189,model3,-0.92476783966737,0.07523216033263012,0.4965863944983068,0.633598137140358,-1.8037427316334904,0.0024249721761514568,0.045243363975649764,-1.803727269387568,0.002438278469666399,4
2352,3231,model3,-0.6270892845153471,0.37291071548465293,0.2516104563300872,0.6381858354012133,-0.2300178033276128,0.0017005688100103196,-0.04735832536746809,-0.230043844133073,0.0017014499942493188,4
2352,3682,model3,-0.5026440910756305,0.4973559089243694,0.0011106737151490651,0.5862880393579176,0.2294574484929228,0.0015096060169579198,0.25498008233130115,0.2293863395915241,0.0014746916269166755,5
2352,3702,model3,-0.8025869138654717,0.1974130861345284,0.13837970511743472,0.4369376576432463,-1.1440762697875568,0.00231233405938736,0.23540444250228815,-1.1439369345247665,0.002363605178528303,24
2352,6239,model3,-0.641708367440561,0.3582916325594388,0.022171489289663008,0.4474511760641899,-0.06916524925639561,0.0019014485447143086,0.03069681827757318,-0.06914649023586605,0.001912290146344002,24
2352,9945,model3,-0.5086872001336816,0.4913127998663184,0.024479222792517127,0.8177550644678326,0.7659911529708252,0.0012922282242904392,0.14206309686486976,0.7659738550259676,0.0012932246885213681,16
2357,2385,model3,-0.7068617484152151,0.29313825158478485,0.006036390757909036,2.283793951542669,-2.8061239807977794,0.0006436747678246668,-0.03899619054733354,-2.8061284354813525,0.0006467066824160146,13
2357,2603,model3,-0.6253677685274943,0.3746322314725057,0.059391148078544585,0.7090282778789592,-2.563146277316706,0.000948707861536022,0.12034089152218105,-2.563042567444954,0.0009278421614635262,19
2357,2618,model3,-0.7623286219801579,0.237671378019842,0.5671650874277783,1.185650590918731,-3.770571821706955,0.0008420450215211907,0.07040071239785185,-3.7705233480529974,0.0008131029104072137,16
2357,2881,model3,-0.3335199543280277,0.6664800456719723,0.04100805324217405,3.578008564214305,0.5804484131575546,0.0004081258759382266,0.04557094917331245,0.5804549817949078,0.00040900155855294325,8
2357,2883,model3,-0.5633350013505848,0.4366649986494152,0.221454162790786,0.7906320983403422,-2.287487262115165,0.0006762291693475162,0.4266962642177407,-2.2874547625793955,0.0006734044338995289,5
2357,2888,model3,-0.5030555185073584,0.4969444814926417,0.13777766327405394,1.5342385817713278,-1.808357694748549,0.0005337843180991342,-0.1116578169914844,-1.8083391132164746,0.000532814462877588,12
2357,3481,model3,-0.6536387124335851,0.3463612875664148,0.5638023730971077,1.7779410113425862,-2.915084641654462,0.0008884416115846883,-0.14982553361450224,-2.9150447442003014,0.0008705890950894519,5
2357,9945,model3,-0.5636697342523256,0.4363302657476743,0.1471383745210233,1.2272853694121508,-1.5207941605831086,0.0007548629030446512,0.0724815074807025,-1.52075524728854,0.0007313746946060966,9
2371,2883,model3,-0.555397159138193,0.4446028408618069,0.18934045832396326,0.7545061771983912,-0.2775635694002977,0.0004933973671572979,-0.919430301663784,-0.27753265200500743,0.00047154895375664486,9
2371,6239,model3,-0.4840755232905381,0.5159244767094621,0.0830356419785913,0.4547444055858721,0.96431647179132,0.0007845927019723,-0.19410954559944307,0.9643277470046092,0.0007816885775628322,18
2383,3045,model3,-0.6538824579098923,-0.3461175420901077,0.07351890448042456,0.20888889147949588,-3.8088945758005286,0.0011685753731534682,-0.4590102109172777,-3.8086414767779626,0.0010584679629044647,13
2379,2385,model3,-0.3649568669667912,0.6350431330332089,0.2555496759858084,0.08105868109586034,1.1111409804394303,0.0015146383563756955,0.7646693475348706,1.11061808724072,0.0010496321543709956,3
2409,2448,model3,-0.3180345662972925,0.6819654337027075,0.10516974630907053,0.6517268423583138,2.1518336744455446,0.001510959056629775,0.4815992110915763,2.1517174182142087,0.0014993819734064311,18
2409,2603,model3,0.3872601268976988,0.6127398731023013,0.09173005275458232,0.8641780885368799,2.6741956258445323,0.0011472684699360114,0.6021182581581564,2.6740437094928624,0.001134694321676631,10
2409,3702,model3,-0.34262249666683586,0.6573775033331641,0.08704835344198876,0.2625028027287917,1.6214159735617573,0.0011316808466582905,0.773755627297176,1.621562235668463,0.0010944474057243477,5
2385,2409,model3,0.5653525219533987,0.4346474780466013,0.10937548943077254,0.10520514334936257,3.540103775751436,0.002026717595831788,0.1880406993993102,3.5389559083557014,0.0015700041855885526,14
2385,2603,model3,-0.40870371276770856,0.5912962872322914,0.010995255406770774,0.4964865511465401,-0.12437758432545518,0.0012022508005897887,0.11240907992028347,-0.12417460562564897,0.00109658961081295,12
2385,2615,model3,0.3291544366654933,0.6708455633345066,0.15146392745750215,0.3268981445194286,3.275154143481936,0.0016489883351866624,1.3696772437619895,3.274800764272593,0.0012872037601117095,5
2385,2801,model3,-0.3982148453115973,0.6017851546884025,0.11557672566477545,0.5456451116176831,0.003353349175655051,0.0009437889663713239,-0.7033303963530625,0.0034446243783454733,0.0008235124665203457,11
2385,2823,model3,0.14262117736954144,0.8573788226304586,0.062213590986236175,0.12089033272155952,3.4663126635668564,0.0017414357708141384,1.0990208009502005,3.465799857730411,0.0013652882802974917,0
2385,2881,model3,-0.16904343566505126,0.8309565643349488,0.00534469808293417,2.561644653021792,2.3893515176082634,0.0003701659405427425,-0.1889664297383198,2.389361062327791,0.0003664626765154658,15
2385,2915,model1,-0.4982851874454806,0.5017148125545194,0.0661366135104863,0.035533819042331986,-0.0023036944591475657,0.0018355693667077926,-0.3966449832072497,-0.00011330628527961295,0.0013450848804442885,24
2385,3045,model3,-0.1596089029661794,-0.8403910970338205,0.5534289285418883,0.10331049458490983,-4.557795744648315,0.000936408373175214,-0.9483434963733416,-4.557531433994778,0.000612025817295471,24
2385,3189,model3,-0.8293957524974086,0.17060424750259134,0.33034351170553283,0.1690237801554219,-2.8009128978496345,0.0014821849665565385,-1.7283224071068508,-2.800533605880686,0.0009786046351945002,8
2385,3673,model3,-0.6612786845017253,0.3387213154982747,0.494613780943044,0.10513317467844163,-0.9606757548771712,0.0015037030549540822,-0.8742166795492162,-0.9603792558416007,0.0011264463890366652,12
2385,5522,model3,-0.1443346625600785,-0.8556653374399215,0.8969788790384918,0.12010208917039875,-3.821730659133941,0.0011830336491847127,-1.347107289928091,-3.8215833946971487,0.000960075160386961,24
2385,5871,model3,-0.5190796986335938,0.4809203013664061,0.09254757702346122,0.10691938718193247,-0.1945835614077416,0.001132358928742699,-0.8099187929451779,-0.19417520293963664,0.0008224625444800858,0
2385,6239,model3,-0.3385252395823307,0.6614747604176693,0.07382180337947966,0.21998348477799007,1.1699919895119557,0.0010395429698216935,0.4193613215561236,1.1701481874507236,0.0009070597598037085,20
2385,6285,model3,-0.5478448826752443,0.4521551173247556,0.2508822369787416,0.2525705324942988,-0.4614159371672806,0.0009395689040959893,-1.50026418384328,-0.46126870610606585,0.000704471582853276,8
2385,9945,model3,-0.3751913517951563,0.6248086482048437,0.04315998519740793,0.301234832222815,0.8494112401305458,0.00103477399834217,-1.0607315962926107,0.8495383355592403,0.0009046060671347592,8
2448,2603,model3,-0.5887510344579076,-0.4112489655420924,0.05399612520462214,0.4447812415394352,-3.6884299828150184,0.001569706773953064,-0.6906476763329363,-3.688187226600282,0.0015441483335534858,15
2448,2615,model3,-0.35554683221968497,0.6444531677803149,0.00600827659933185,0.5724179351706479,0.2338256220772877,0.0015724678323698975,-0.39312351685388175,0.23382518860084067,0.0015843876261853174,10
2615,3034,model3,-0.6515856509155235,-0.3484143490844765,0.03945368205832587,0.4060190603262431,-3.5164975302229085,0.001622493413882277,-0.23613860776829196,-3.516323556593327,0.0014951286812846564,4
2615,9933,model3,-0.8152809092219842,-0.18471909077801574,0.5876017837626428,0.5108607340821105,-2.963818354327389,0.0017829210951883405,0.15728423216163154,-2.9636159046323516,0.0016447097250266802,8
2492,2915,model3,-0.16127979265365955,0.8387202073463405,0.1902635484682076,0.6320867576562309,3.2374285813327397,0.0008586358572361795,-0.5283194473784676,3.237384084313345,0.000882028667346072,18
2492,5522,model3,0.08349189480166372,0.9165081051983364,0.007519018732088874,0.1907657543000247,3.626557684373626,0.0010470716043530488,1.4384493004574774,3.6265856004704653,0.0010885219725552944,24
2603,2887,model3,-0.3589656206874458,0.6410343793125542,0.02468546290415433,0.7047897472098751,0.7440242173733598,0.0010777796461134627,-0.09191943052392687,0.7439133799801565,0.0009867305928559947,18
2603,2891,model3,-0.320142102097896,0.6798578979021039,0.05219187544727341,1.6475608415423324,1.1198385849460757,0.0007886498914060807,-0.03092259842255759,1.1198429704072534,0.000792857584352898,13
2603,3034,model3,-0.4690525942504558,0.5309474057495442,0.07061560449429766,1.1833967093756623,1.323278402769199,0.0011213033068941355,0.31132335580318177,1.323293749409741,0.0011399337132531578,8
2606,2615,model1,-0.4109643197568269,0.5890356802431732,0.7983636694998099,0.8737417627727598,4.844501531076813e-05,0.0013065117404374234,-0.4775729464831471,-1.4432899320127035e-14,0.0012853499300141608,11
2606,2882,model2,0.6413291239395034,0.3586708760604967,0.001,1.2161148995015938,3.8928118134646175,0.0009446571574558193,-0.10504918797697613,3.8927784012996316,0.000940620764854613,3
2606,2888,model3,-0.667488272914394,-0.33251172708560583,0.1266570407271223,1.4170116274366409,-3.3530207762381536,0.0009204031845403408,0.481485274458721,-3.3529545781230405,0.0009062404707259279,14
2606,3034,model3,-0.8082823766848783,-0.19171762331512165,0.02685842493584781,1.1382825745557448,-4.1220813557006135,0.00121727058923311,0.2688007483124163,-4.122018812152076,0.0012169785564366644,12
2606,3045,model3,-0.9076024562007566,-0.09239754379924346,0.04100643338342102,0.8645735249325762,-3.980870797371329,0.001407951313478382,0.6381960134789421,-3.980821747559866,0.0014120718721358002,0
2606,3702,model2,-0.7883916385368375,0.21160836146316253,0.001,1.0866273333069596,-2.297256101374891,0.001177824721282063,0.46808089693473703,-2.2972221357992115,0.0011791131126940408,11
2618,2801,model3,-0.3185998443303989,0.6814001556696011,0.8813224636237832,1.3394890684161234,1.1201560748705883,0.0008075334564675994,0.10965020905970348,1.1201479050136878,0.0008171363553678401,15
2801,2887,model3,-0.3058417472188269,0.694158252781173,0.2567813318702489,0.41670970379444455,1.0124522118952644,0.0012887084740681135,0.3668112325517795,1.0122982572055705,0.0011430170163496955,24
2801,2888,model3,-0.39660447557039097,0.6033955244296091,0.4884650222274763,0.6745899312881714,0.1869084504615429,0.0006298309976139774,0.18998070083514085,0.1868922042120904,0.0006209358444926261,11
2823,3045,model1,-0.5807878836687246,0.4192121163312755,0.8391169671534459,0.2790819722693977,-0.00011671782939107385,0.0008796548943819356,-0.2976477384319313,-5.775602218704989e-12,0.0008315627353889733,24
2823,3189,model3,-0.9878392757036836,0.01216072429631652,0.5247351421815282,0.1990404178427766,-3.215198497068969,0.0016109382081016912,-0.3890024360632415,-3.215009940169964,0.0014737534668389158,0
2823,3231,model3,-0.9270237462708312,0.07297625372916887,0.22047802862947605,0.201645732579441,-2.8298638318096585,0.0015026115461698937,-0.4086098273945802,-2.8296991929383086,0.0013761915152020181,24
2881,2888,model3,-0.6652758883280923,0.3347241116719077,0.1399718473437291,2.190786152599985,-1.7631788379571058,0.00031788450709539816,-0.22545304020031826,-1.7631757574583693,0.0003183806769818497,13
2881,3231,model3,-0.7608958443229554,0.2391041556770445,0.37016645999051534,0.6904303673098315,-2.069635753875563,0.0004852330191444961,-0.09544640912047464,-2.069633208150984,0.00048667869182886844,24
2881,3673,model3,-0.8927338651486684,0.1072661348513316,0.8344915412973999,0.8021907393371492,-2.74949742327946,0.000506598380300517,0.056953080222839424,-2.7494804304305935,0.0004970268275725994,8
2883,2887,model3,-0.3993081945697109,0.6006918054302891,0.2634489093686101,0.6352908285451963,0.7558245853796305,0.0009147104260654813,0.020203190551380344,0.7557497228456006,0.0008566321204729628,8
2883,3682,model3,-0.5090320057748065,0.4909679942251936,0.26023075871183776,1.649534791808256,0.2580907171830603,0.0006142769923987497,0.368826337941,0.25806998012682403,0.0006095071812574173,9
2887,2888,model3,-0.6794453240595661,0.3205546759404339,0.13141909634486,0.3437534081678859,-1.149042661888943,0.0012556463371748373,-0.5918861407444584,-1.1488559179225208,0.0011282883187203193,11
2887,3189,model3,-0.9557035986377658,0.04429640136223425,0.3894509481856786,0.3337273493227615,-2.4005810141856108,0.0018172210674239867,-0.6305413031526612,-2.400280739112903,0.0015837684792301165,4
2887,3231,model3,-0.6878555579674674,0.3121444420325326,0.3522397479812265,0.3947595153847951,-0.8438597386316345,0.001260708850078362,-0.4854706781405835,-0.8437414772280096,0.0011512981311515183,4
2887,9945,model3,-0.6947933994718039,0.30520660052819604,0.09845366309910633,0.34942293244885336,-0.6846311340885927,0.001315643164005435,-0.668127348315061,-0.6844468104192627,0.001152981231428688,24
2888,5871,model3,-0.6783899073858584,0.3216100926141416,0.29124604293458595,0.9900699326226224,-0.11479951573831484,0.00043547419852824,0.4150269030526516,-0.11477310934185847,0.000428867594958236,21
2888,9945,model3,-0.5571299942676368,0.4428700057323632,0.28127728875517816,0.8095581645509856,0.5308569502296289,0.0006031918078569094,-0.4457526885357381,0.5308702612789264,0.0005978654425437237,10
2891,3231,model3,-0.7992445361514924,0.20075546384850765,0.2380978756058716,0.44653951561415306,-1.7079218061772254,0.001171289515935411,0.3228160792169467,-1.7079509679766778,0.0011819965826064592,8
3044,3045,model3,0.35677077671701823,0.6432292232829817,0.03231282728244767,0.6524204568033339,4.404467403593608,0.0004708506003093677,-0.21211890984932927,4.40449954887889,0.00047735110843961156,4
3231,6239,model3,-0.3984623263165144,0.6015376736834858,0.4487015018532875,0.7147132797740579,1.085332501579244,0.0008275065132850399,-0.03668569389763877,1.0853575190266251,0.0008325957339799933,10
3231,9945,model3,-0.4560363277602869,0.5439636722397129,0.5284072653196012,1.4549051531649082,0.6514868457160982,0.0007585687394988901,-0.16916668399067455,0.6515022297166235,0.0007615540361284555,24
2915,3231,model3,-0.7009015768951847,0.2990984231048153,0.4636205570711488,1.2922700113176808,-2.0486498976608085,0.0006106674943238197,0.3941550884153962,-2.048653837058377,0.0006102510087539942,17
2915,3682,model3,-0.6839665768267312,0.3160334231732688,0.2729904586456561,1.7208868631493042,-2.0755196797078757,0.0006333412373320457,0.3890443049599193,-2.0755009047072503,0.00062784746485054,19
2915,5522,model3,-0.7792777031391052,-0.22072229686089484,0.10781405409370562,0.3137808287799643,-4.207525145202173,0.0009156498354350922,-0.3542223290029515,-4.207206022807916,0.000883614703870593,16
2915,6239,model3,-0.6448709162177558,0.3551290837822441,0.699615187706424,0.8528243031476688,-1.3771113072984928,0.0006755691474000438,0.28443073008463593,-1.3770659247300716,0.0006938015447614792,13
2915,9945,model3,-0.6752572148302345,0.3247427851697655,0.2873874708054556,1.0333134446264671,-1.6377028410951375,0.0006744287528861593,-0.23161744792741315,-1.637695345120865,0.0006809616001559395,18
3189,3682,model3,-0.09419249709521972,0.9058075029047804,0.5574577893867206,0.6509303941613043,2.107498931856056,0.0013275767072477072,0.6123019516658531,2.1074065048500703,0.0012714175786290708,24
3189,6239,model3,-0.0708371983808436,0.9291628016191564,0.4360279946369683,0.2902119064501262,3.3805815435025313,0.001290672987496049,0.4446291218826061,3.380507917957538,0.0013134234479122565,18
3045,5522,model1,-0.4480744453915356,0.5519255546084644,0.932385527175318,0.8512702767324577,-8.950500616308569e-06,0.0004472826637776964,0.4189879296427499,-1.9317880628477724e-13,0.00045626924443551207,18
3706,5871,model3,-0.6660903647350727,0.3339096352649273,0.13416086363326524,0.4090909737213154,-0.7328637068480199,0.0010610778549729838,0.012956348139632477,-0.732751678359473,0.001030174889695053,24
3706,9945,model3,-0.4917467754316594,0.5082532245683404,0.06789641364757391,0.7991305373231256,0.4209593649013353,0.0008353425185183221,0.1858297903628259,0.42099054063812247,0.0008117475716670862,12
3682,6285,model3,-0.6988421626921589,0.301157837307841,0.5843068248197961,1.1976641039844618,-0.6894176577408907,0.0009175352588973461,-0.5717893701397501,-0.6893722896452203,0.0008758586959750507,8
3682,9945,model3,-0.520807713195052,0.4791922868049479,0.7120806228577266,1.216921420562853,0.4359420098698093,0.0008375996387366077,-0.4795241523874324,0.4360893409455817,0.0007498561233599875,4
3702,5522,model3,0.22844585671506454,0.7715541432849354,0.1207373230356908,0.35986102711000456,3.7315053659749937,0.0007198814331172414,0.8198614106803895,3.7315509084614464,0.0007952941279618767,24
3481,3682,model3,-0.4009817309351351,0.599018269064865,0.6449786769548689,1.6583239044755576,0.6936968329087716,0.0009878690743403606,0.3066318845656845,0.6936435904608893,0.0009568424806220803,9
3481,9945,model3,-0.4092298005259872,0.5907701994740129,0.9224744269042292,2.3060199734848994,1.332477542141659,0.0008671518733166574,-0.14755711991495185,1.332498033058282,0.0008692405058188779,5
5871,9945,model3,-0.36381903411187627,0.6361809658881237,0.25729179051071205,0.7070455168845273,0.9653783681925114,0.0007749001482486772,0.057278006960553275,0.965358269509468,0.0007903164660520055,13
